Project_ID,Project_Type,Terrain,Weather_Risk,Original_Budget_Crores,Original_Timeline_Months,Vendor_Score,Material_Cost_Fluctuation,Labor_Availability,Regulatory_Delays_Days,Final_Cost_Crores,Final_Timeline_Months,Cost_Overrun_Percent,Timeline_Overrun_Percent
1,Underground Cable,Hilly,Moderate,69.43645380345471,28.194901978023285,3.659939613903981,0.11684695680660019,0.8749888992260354,10.841403772519106,110.30612241778368,30.83291821413326,58.85909544000296,9.3563589551267
2,Substation,Hilly,Moderate,49.380834987268535,18.120716684177605,2.041147430264012,-0.3614832250660212,0.9541142443501615,80.89323076193713,77.51445478188349,24.55653941391148,56.97275026205696,35.516380736493815
3,Underground Cable,Desert,Normal,43.285698542268584,21.167138868416103,4.628780122823319,-0.011605858699915933,0.8793576605819604,3.788801478242008,58.47596743565573,21.12911961684157,35.09304321045857,-0.1796145044017327
4,Underground Cable,Hilly,Normal,76.92088414929435,27.628302669961407,3.682929247623336,0.002252883989143404,0.7985776529951509,81.42933314225876,119.05233322226492,36.645295256403216,54.77244514142401,32.63679529703952
5,Substation,Coastal,Extreme,93.10479076866146,33.79667550100915,3.24176252392176,0.08070925802727134,0.8270663685139368,34.54771601700002,133.03985171349098,37.54397208562486,42.89259512333433,11.08776685595546
6,Substation,Plain,Extreme,63.445145688275446,36.98717249839237,1.4439578768539243,-0.006252120358484042,0.944563961970005,22.7511959109994,81.58958139456678,39.68299559607067,28.598619341880386,7.288535228789042
7,Underground Cable,Coastal,Normal,37.54290993797433,11.704416319789436,2.7882221752257017,0.3026861945749858,0.7894033772559703,0.9961281451688487,60.98906064925004,13.624870625743263,62.451607374100035,16.407945970845102
8,Overhead Line,Plain,Extreme,41.637139319814565,26.142009794915698,2.841433084807705,0.032447532235275106,0.8161956621641937,19.364797954415966,60.16512060557027,27.58797085499155,44.49868936346087,5.531177868187755
9,Underground Cable,Plain,Normal,24.231052404853504,35.67594882706817,4.45825443809068,0.158041859886549,0.5782383580018002,15.714697088720092,35.625817226344296,43.177405570518786,47.02546398359656,21.02664957787777
10,Underground Cable,Coastal,Extreme,52.01634844508104,10.517512489904476,3.186592880751154,-0.10851942133054318,0.7369606100580514,5.274162223598123,81.61349844880466,12.366639864657149,56.89970728139894,17.58141363300123
11,Underground Cable,Coastal,Normal,17.408140280473454,26.515067952438777,2.5216021958816386,0.018113520928420154,0.8581985559790495,32.04915116745912,27.677096326299658,30.69558565524284,58.9893916315966,15.766573596201372
12,Underground Cable,Coastal,Normal,61.037273106190014,23.98332962063853,4.907201314042638,0.23213551425433893,0.6354713491581827,106.37030213289114,89.84703012885554,33.844792228511665,47.20026887922,41.11798805194667
13,Substation,Coastal,Normal,90.11148091279907,27.316334515038307,1.4428823733052627,-0.035654268703446124,0.6011270902622674,24.779026111056705,135.14899632888225,34.70858226943525,49.979775007433304,27.0616387067867
14,Underground Cable,Desert,Extreme,64.351831595861,17.821567797388198,2.6901937132477785,0.02883521462928464,0.6569134041122078,37.63202329574506,108.57934120527102,22.18275638246491,68.72766246525089,24.471408097529196
15,Overhead Line,Hilly,Extreme,40.617045596101306,12.515049374292479,1.1680987006856212,0.14712801737062128,0.6207503139964168,2.1271769800895126,59.42271290583111,13.215967122122615,46.299938938776236,5.600599141621537
16,Substation,Plain,Extreme,60.538748252635806,8.6951485985678,3.9596164830677214,-0.11133442802874517,0.6074563185181979,16.221384682290456,92.76717344191366,10.674897599761755,53.23602836118213,22.76843206014955
17,Overhead Line,Coastal,Normal,82.41066890331754,31.811071627696823,4.672306208796602,-0.32423404999787897,0.7124254214340435,3.711114743899865,108.26125573952365,36.03297052454559,31.368009967900477,13.27179086030193
18,Overhead Line,Coastal,Extreme,81.40989270522277,32.832393091866834,2.1201493182019577,0.03833604805685533,0.953919256941767,28.464095049248787,122.18321852460856,36.42108633638917,50.08399405097117,10.930343196370059
19,Overhead Line,Coastal,Extreme,29.924842168732585,26.421482791967886,4.433366707196484,0.1483003754037004,0.7535298233693591,83.65284107713748,37.34851889499693,36.54585665092969,24.80773894948419,38.318719424935566
20,Overhead Line,Desert,Normal,60.20592779164647,19.726813202495226,2.168872921847591,-0.2027168647337957,0.5939601904076615,32.52156010149079,86.90409211985086,24.14513114594189,44.34474362823247,22.397525125283764
21,Substation,Coastal,Moderate,46.837970198596025,11.015632852274036,4.643080646575661,0.1005329845916008,0.5384858346904371,2.397380554023695,65.96684234210193,11.928271223235175,40.84052332412836,8.284938171053295
22,Substation,Coastal,Normal,66.13186495827374,28.506763700040192,4.015847614387136,0.10154495810093063,0.8480780725689626,13.139627531949087,97.44610532720348,33.55707352542944,47.35121319909493,17.716180898437532
23,Overhead Line,Coastal,Extreme,57.672279076335414,15.19376573730652,4.2196271073657545,-0.3410244388672956,0.6913993822181939,23.999488812608988,93.9810644635801,19.520437745913974,62.9570843544888,28.47662708122328
24,Overhead Line,Hilly,Normal,2.605571810311048,18.309611001915698,1.072026222401818,-0.14044329486101584,0.9109154732926796,15.485586791366025,3.9657918312373104,20.010161559147896,52.204280670502115,9.287748150707694
25,Substation,Desert,Moderate,43.039738274063225,19.30748736349825,4.851241428296104,-0.05937431710974934,0.8297553843203851,53.808758148189206,48.75056716803891,24.193065085158324,13.268735180523086,25.304057590095834
26,Substation,Coastal,Normal,53.971167257925835,22.419718194424256,3.906683968281293,-0.026943600035285557,0.8981207252706842,50.568680411465415,68.07733494701401,25.917810678983226,26.13648806533203,15.602749571709335
27,Substation,Plain,Extreme,21.312700656823086,17.927676422330812,2.2190043815445333,-0.11147013971519758,0.6359730197092244,28.38943556910595,29.52946913822612,21.766528096616,38.553389425907895,21.412990640011177
28,Underground Cable,Plain,Moderate,61.62044019731971,24.26767016793842,4.317578659435387,-0.11955042053732728,0.8461794612305291,14.026181406458345,87.34044620472064,26.72525088591745,41.73940647785191,10.126974287073915
29,Underground Cable,Plain,Extreme,19.519695165459396,19.025453595948868,2.12608479365972,0.25072243367731384,0.6320309923468594,8.84468012910688,30.205252460058432,22.22781766206805,54.74243938761608,16.83199851172572
30,Underground Cable,Desert,Moderate,34.03121905165893,29.61098451871378,4.491015358264512,-0.01613386977883626,0.9695342397251459,3.3572679010608297,48.06907908481369,30.781495641265543,41.24994761970024,3.952962529199302
31,Overhead Line,Desert,Moderate,76.8262383940027,32.24850331190443,1.450321561647748,-0.10425654902246093,0.8181871407666872,13.150390335402246,105.85840432483307,33.89365081015209,37.78938880482364,5.101469306454167
32,Underground Cable,Plain,Normal,32.32444422271463,24.868341408227508,3.814743909843183,-0.006175421536882501,0.6622559000876711,15.990731963570992,40.64908375186933,28.195464303932095,25.753387967935755,13.378949730052495
33,Overhead Line,Coastal,Normal,61.479339184033506,27.70101068304882,3.1627939065796413,0.08056362495917153,0.6347559311461364,33.793961550749486,74.28662281478907,34.18293957281077,20.831849855148864,23.399611530161447
34,Overhead Line,Desert,Extreme,14.928525641826262,40.942847597007116,1.3861378807817633,0.007743956506681194,0.5954632925358218,32.202359209687536,21.959556864935937,53.35018781030717,47.0979612575428,30.304048060904826
35,Underground Cable,Plain,Normal,91.62629313530283,14.619173945109472,1.967575313035356,-0.030859138624195984,0.8473204794468638,2.180609363397934,132.46140881243002,14.612935144702346,44.56702795651325,-0.042675464636716134
36,Overhead Line,Plain,Normal,43.90892723025485,14.132255189759155,1.0496161451092592,-0.09750250030056799,0.6093578064989637,15.088666001481215,45.947227234288334,17.016077841223773,4.642108410767606,20.405962196000825
37,Underground Cable,Coastal,Moderate,51.906416138954384,29.559983206214998,2.8750718618580233,-0.09931962682013985,0.7976516329637445,6.018679363133765,67.3881761454558,33.36037447206509,29.82629346833824,12.856540679803425
38,Underground Cable,Hilly,Normal,53.5807359309793,39.57234270011813,2.2050610430400015,-0.08967125797280392,0.6323175134626786,5.116985078517032,83.08836748554846,41.48852252249319,55.071344284221446,4.842219822303681
39,Substation,Desert,Moderate,62.15133728662717,21.916011504490218,3.3934299371910353,0.05082219012161053,0.8309844723969343,52.686352251589085,83.03186798040726,26.863372871374843,33.59626937306924,22.57418675780032
40,Underground Cable,Coastal,Moderate,19.61640034027646,37.814670737750085,2.1889512308344687,-0.14912701386026808,0.9074698642702697,1.284570138930437,31.66140110727159,41.789675855801775,61.40270670488047,10.511806768380703
41,Substation,Plain,Moderate,49.893270583266734,24.77146975034792,2.1996764460279388,0.058990383520533284,0.8890126215723266,16.299579967997595,62.204142424427786,27.72381545117788,24.67441339732474,11.918330767549618
42,Underground Cable,Plain,Extreme,36.824623484372864,18.552901743687347,3.9727727949264136,0.2119492133440245,0.8804256654653908,5.525029400688536,57.38316584131952,20.20787340187273,55.82824863279596,8.92028471367554
43,Underground Cable,Coastal,Extreme,16.2088554784346,16.074460890898372,1.1925713439134138,0.04885610367197996,0.5938612028461261,63.44092557718558,27.675839545940978,21.25181354026703,70.74518051421248,32.20856167126676
44,Substation,Desert,Extreme,69.7424440025742,29.0353086790943,4.611579980767949,-0.055437829337570556,0.5441924734922594,24.42830895621342,92.31696463588581,35.517410347524205,32.36841059438407,22.324893253492707
45,Substation,Hilly,Moderate,42.95654032800819,16.68032745773843,4.409055497564726,-0.19471903275819455,0.8494744142436927,7.894782234002435,65.64843257331611,17.03492045646078,52.8252323674971,2.1258155729901356
46,Underground Cable,Hilly,Extreme,54.85040851225039,24.650214742136225,3.671218732905626,0.2367160211867271,0.6841736068971757,20.940407298414247,96.12510534034759,29.805267742339915,75.2495705093588,20.912811730568095
47,Overhead Line,Plain,Extreme,53.59690837456118,36.66772020307275,3.372886280429537,-0.17550264758983686,0.7161731132016737,39.445606934189854,76.31144532959614,44.36666655464486,42.38031193197705,20.996523124246327
48,Substation,Desert,Normal,43.302954552477736,21.545756857029037,4.5692099925586085,0.12728430517136216,0.5155745463966955,95.18698054782007,55.95028506699938,30.084978843343272,29.206622608613614,39.632963664158396
49,Overhead Line,Hilly,Extreme,89.50054707261563,34.5120757971512,1.7413207181148578,0.09577767908917281,0.6297882246375246,7.470999694598512,158.5224841676873,44.00068988470804,77.11901139450156,27.49360584198786
50,Overhead Line,Desert,Extreme,49.05470694741982,14.283652082188746,1.3158766487633144,-0.035515290444608945,0.516838201937232,65.19457786518497,76.6040030267419,19.90137909823039,56.160351969590415,39.32976653111544
51,Overhead Line,Desert,Moderate,18.840953646466644,19.7287271894656,1.9580406796381524,-0.0394468205671017,0.9395928863006238,81.6815692788619,24.92699701708675,23.52232500918156,32.302204468092086,19.228801651946394
52,Substation,Plain,Moderate,41.99237279633364,12.742847790280669,4.178313114800761,-0.2753566911061531,0.6216983416092652,74.45872611251069,59.24533297467241,17.711158696287704,41.08593782498789,38.98901554640327
53,Overhead Line,Hilly,Moderate,59.994752402242206,24.58397404778686,1.1386810669059333,0.04950975012189323,0.778668584786504,30.26981383602047,78.23677661413538,30.29074131061284,30.406032996998267,23.213363517765856
54,Substation,Coastal,Moderate,60.65190218741102,30.240625437732664,3.3312273403339585,0.09298894985937073,0.5194896603305652,29.813030191125943,83.20792818584779,35.370054505492924,37.189313417969814,16.96204689391122
55,Overhead Line,Plain,Moderate,28.244381294764764,24.601496700849488,4.98175006476524,-0.16336201742217069,0.833423695652829,15.48573141744998,34.303070378037496,27.773149043793953,21.450953448202245,12.892111327661413
56,Underground Cable,Hilly,Moderate,68.5896501468954,33.816400479761214,4.422784375350158,-0.023373221149365422,0.661513672877047,41.87796555946963,103.13479095471727,41.498077568790755,50.36494680150444,22.715833087045887
57,Underground Cable,Hilly,Extreme,14.742661422579197,18.00656607496696,3.085782756174358,0.005679287251342528,0.9489595934788329,22.733388357667952,23.811943057002164,18.27678324837864,61.51726187330643,1.5006591056100413
58,Substation,Hilly,Moderate,72.88270405232836,25.802742029512537,1.2545636371465694,0.08768589419243521,0.944059094467018,33.94380401946257,104.21406235641527,29.57752034913112,42.988742955518774,14.629368906998666
59,Underground Cable,Hilly,Moderate,23.613042217251888,19.780245411089147,4.325494057542839,0.000570461418478113,0.6626453091808739,16.78251418208223,33.178114812583466,23.7978567482131,40.507582662700095,20.31123099651539
60,Underground Cable,Hilly,Normal,45.475095619826476,26.89341268338924,3.395914032708842,-0.2439479030942376,0.950480447845234,39.44673587461909,73.32339577241329,33.53934173095795,61.2385741536415,24.71210748077941
61,Overhead Line,Desert,Extreme,71.291373560534,28.029888369699407,1.4597319882382673,-0.07949066541937339,0.9980788367493894,52.198618691781135,100.1933819001476,32.15073579762477,40.5406810054974,14.701619120181869
62,Substation,Plain,Extreme,52.39211337774139,28.659167679872503,1.3754291392934248,0.03369386780835292,0.912707832061974,4.750051644890625,85.14201680900129,33.56053063787241,62.50922385042323,17.102251582282214
63,Overhead Line,Desert,Extreme,66.3339703542714,15.435245294115184,4.63850727774637,0.12622925130596385,0.9224356738776145,53.680220708374776,74.10164470657658,16.865875023404325,11.709949383129302,9.268590825923448
64,Overhead Line,Coastal,Moderate,62.373239194198646,16.88203118570745,3.6768010517523138,-0.09264549140913701,0.624504368054545,23.31520895075386,78.59894542446364,20.4756400855165,26.013890636249254,21.28659081527728
65,Overhead Line,Hilly,Moderate,75.72537226809203,18.365698334470487,4.317147197267023,0.3281474811825029,0.7883511994288781,55.865311693048014,110.50265420696623,22.251238567732102,45.92553446386701,21.15650688854485
66,Overhead Line,Plain,Moderate,71.24419701827424,22.08895401706722,4.51591560112907,-0.2841709603255447,0.5336279569836839,16.932156752930506,93.83087253196103,27.559159944727853,31.703179288964805,24.764440740082268
67,Overhead Line,Hilly,Normal,40.92511382927116,24.69749123365144,3.287089408193289,-0.08455502625868515,0.5474589684108349,14.294681790821654,50.596969307589035,28.790890204760423,23.633056999343523,16.574148897891064
68,Overhead Line,Plain,Moderate,62.658832675869306,29.664712974853412,3.069785407020165,-0.012455040523915979,0.9994463060166453,73.97456334214077,82.4695335235732,36.50750274306179,31.61677292997711,23.067102567312787
69,Overhead Line,Desert,Normal,19.46896276604507,17.215210405286147,2.7217096412839608,-0.030112374532929618,0.6633196247129555,8.677269371736074,22.186588569030185,19.35774478140345,13.958760082097449,12.44558925320722
70,Substation,Plain,Extreme,48.8419018532443,11.191845618385981,2.267786351164477,-0.1848213494722249,0.8740919560244231,55.77783775025944,69.47313627002596,13.276365678378532,42.24084983171317,18.625346802211943
71,Underground Cable,Coastal,Moderate,66.36969469277079,41.24594530565432,2.738383843434847,0.06717926216276907,0.9033325265134082,19.850651504989308,105.44453349942927,43.67149122636044,58.87451944375848,5.880689368934425
72,Overhead Line,Coastal,Normal,52.67695308492,14.94837583478056,4.0955186229206255,0.0556641076970883,0.9290116355036147,21.652291746534157,68.85272735683185,17.764255997368345,30.707497918178827,18.837365301158965
73,Overhead Line,Plain,Normal,58.93279463034172,30.690589783964413,3.4076937240605263,0.007194216897232006,0.9988141487010782,11.065387793669494,58.50920294671534,32.35668727300876,-0.7187707392520115,5.4286916633803814
74,Overhead Line,Plain,Moderate,45.73455248068417,24.250135017989397,4.570093159819384,0.04977657948877733,0.6207482426284339,25.532103033811953,64.52629975988233,26.88310252132528,41.08873107949354,10.857537499822902
75,Overhead Line,Plain,Extreme,72.58138875070286,26.010445126451042,2.773520057516751,-0.06356646171720462,0.5201754134298499,11.800665613199605,90.9704694434244,31.642503607003757,25.33580716660437,21.653064579141915
76,Overhead Line,Plain,Extreme,48.391684525820146,23.987595953312777,3.428358314875016,-0.24260444251628516,0.705595758997293,1.2018377136818021,61.39288763581591,27.115603262827296,26.86660577616133,13.040103375105122
77,Overhead Line,Coastal,Extreme,40.69099635191893,20.921264944422994,3.525230212367955,-0.10749598050783671,0.5650403349144735,9.523569451545344,59.31762419094429,24.651717308591035,45.77579688128464,17.830912108220648
78,Underground Cable,Hilly,Normal,67.73034825138109,27.71177826338767,3.366788649225302,0.02355818721141617,0.5112129445810276,0.19198429337486192,98.79218465126286,33.056497563081486,45.86103157862973,19.28681461324756
79,Underground Cable,Plain,Normal,21.8968015527108,20.491302349941634,3.8105350923420653,0.02441166222695939,0.680213413570743,114.98912880460573,27.854348549666625,30.22504751666218,27.207384524240187,47.501837611352556
80,Overhead Line,Plain,Normal,60.0206668703469,33.33042197789432,1.9497338734992251,0.006206857887877175,0.8918691255376182,101.2196175742543,75.93701579616389,42.264775519758174,26.518114102594943,26.805401827163706
81,Underground Cable,Coastal,Normal,29.150302515457227,28.547528050049237,3.0494551101831626,0.08230624019775473,0.7830903456125354,15.083506318160692,38.36036378564985,32.01239110204628,31.59507955469382,12.137173649229732
82,Substation,Coastal,Extreme,75.5585365847633,28.79675290625195,1.4168992112333907,-0.08717190681750246,0.6563889946051771,39.099527342450564,104.46175868143067,34.565725218810286,38.25275528496117,20.03341255640617
83,Overhead Line,Desert,Moderate,44.779454935064095,19.943015519547277,2.53804531057925,0.004002158566580393,0.8271710027463599,12.73054457571422,56.66197334936027,22.28373611096354,26.535647724000516,11.737044426014672
84,Substation,Plain,Normal,52.69969441639377,22.109162103288032,2.9506682744850576,0.0858139167607382,0.6160090901544053,33.35942161646814,71.3113144656474,26.799410967428003,35.316371860144876,21.214050728057423
85,Substation,Desert,Normal,58.25140793288245,14.49669753086348,3.60889703818189,-0.012733472775353003,0.5071907230360425,49.10890514206027,71.09679609185793,18.648508173367897,22.0516355137304,28.639699722403734
86,Overhead Line,Coastal,Extreme,11.40630807371685,21.175871546195502,4.8021242103448145,-0.1864985892609148,0.8821766932182137,87.98624257455593,17.600603507613908,27.53267909803125,54.305875256607806,30.019107067061064
87,Underground Cable,Coastal,Moderate,36.98830316886286,15.707392669149622,3.4026042661934235,-0.14422325544833065,0.8118715424320045,15.33538438344946,61.10774281507718,17.623568355158824,65.20828905316833,12.199196431707602
88,Substation,Hilly,Moderate,70.87091818573107,34.50454812470972,3.974375664706239,0.124627848641905,0.8811513122504799,45.87696187444551,102.18805118094689,43.87263758785881,44.18897595363892,27.150303285497383
89,Overhead Line,Plain,Extreme,67.35530048341776,24.40428652475205,3.025064237980811,0.2088708244413859,0.5194690083438328,9.274463292465782,96.7999789986055,32.47920757740211,43.715458625912795,33.088125909602276
90,Substation,Desert,Extreme,55.660644107904325,25.363977880323446,3.5364161255053252,0.17629246617360736,0.9185598139153262,139.16895717688763,85.69099148783938,37.027095015622514,53.95256893132229,45.9829967930501
91,Substation,Coastal,Moderate,23.01072857148953,22.19882778119983,1.2837288645350937,0.03482339246130525,0.8097631000181517,0.7832235521061958,33.34707940895297,23.5570203805684,44.91970258721082,6.11830774469461
92,Substation,Coastal,Normal,61.71006921717158,25.58063137641126,2.017566323367388,-0.1804698903025039,0.7816976753563201,27.754556775118367,85.32851576822571,28.0835099036269,38.27324592350646,9.784271898478728
93,Substation,Desert,Moderate,64.26799180410892,43.71902108686147,2.447412372820555,-0.0009527335159303101,0.8123070240572658,32.32073162414435,86.96018196377017,48.398157704721385,35.30869647962214,10.70274791506277
94,Underground Cable,Hilly,Extreme,50.9403442624749,21.598877724860067,2.8899734200260543,0.23433826979256323,0.932216623434182,34.946943542919016,84.85002982233553,24.981497748658448,66.56744482357205,15.661091594148077
95,Substation,Coastal,Normal,74.46341901182915,18.796695722320052,1.182594982009535,0.09277325706847132,0.7934682532794535,3.8482169691001857,89.07705863537478,19.836229584542068,19.625260050474093,5.5304074587302345
96,Substation,Plain,Normal,36.33136419739754,28.23754506324354,1.5600963902132707,-0.031121628402580887,0.7904751899440896,83.67607516767099,50.7899049081945,35.800583286267816,39.7963055618832,26.783625156101078
97,Substation,Coastal,Extreme,39.8028484500005,3.7942509311800947,2.107257231165223,0.09429378492618246,0.9953395785328829,5.996850123490972,61.19727252842076,4.2323202834872635,53.750987458336006,11.545608349390843
98,Underground Cable,Plain,Extreme,0.3077684182837075,24.511654295287464,4.886130763604203,-0.1904092809923407,0.878365083534284,29.24568607662113,0.4621202008643127,28.33883142182586,50.15192378781388,15.613703915831564
99,Substation,Desert,Extreme,68.39655020295328,21.026296773656792,2.325388028412203,-0.10435070667723031,0.7211469027255677,7.556943867062479,107.77592309086175,23.783698492661898,57.57508642037932,13.114062588804371
100,Substation,Plain,Moderate,56.277239269402685,16.061493871711246,2.92816423244833,-0.16262870865334872,0.8536985000164639,11.01112855916752,70.4628402178043,17.231961412093302,25.206639722489317,7.287413921338752
101,Underground Cable,Desert,Moderate,16.363593497335415,28.062061362492003,1.7843908509535717,0.0704357727522649,0.6946152358458942,23.720057854343185,24.478170608292814,34.504164396087596,49.589212249001086,22.956627991007693
102,Underground Cable,Plain,Normal,14.82802000011705,24.431907347566344,3.443120284303073,0.10711552495801388,0.6144377312417495,16.196997358178752,20.062804520294403,28.605810163574546,35.30332788960381,17.083818944753666
103,Underground Cable,Desert,Extreme,32.547387452579784,9.580728740046263,2.122732862063897,-0.023073904079754997,0.7984259384438797,5.238659874238014,58.331758380007784,10.092304290679412,79.2210157113064,5.339630883137583
104,Substation,Plain,Normal,65.87315883960707,18.827763830460498,1.827970313753707,-0.1309394515109349,0.9640910490569757,5.6237523231326465,79.52188679451642,18.325638201297267,20.719710721846962,-2.666942466905535
105,Underground Cable,Hilly,Normal,43.99279023822743,0.893830358458203,3.0662905137839163,-0.0029623640301941014,0.9645697600077314,16.246009173385062,54.35133793523435,0.9409138229906997,23.546012064508435,5.267606328980867
106,Underground Cable,Plain,Normal,33.9042616667935,26.346154513068022,1.0220231966416833,-0.07298698360107111,0.6709526390527452,42.47577101621188,48.5933583958695,31.670203340421025,43.325222278657634,20.20806803024027
107,Substation,Plain,Normal,29.87768213833008,26.266395347521257,1.0306561305969013,-0.11942560570406169,0.7638387331108475,68.4730777865437,43.99339270442971,35.894604225259016,47.24499879457043,36.6559961896194
108,Underground Cable,Hilly,Extreme,28.981760843436263,17.653744849330614,1.876275236407431,0.050849052796386955,0.6058179492849306,2.636348798988282,45.16391139645799,21.67601351066287,55.835636214238626,22.784223379578126
109,Substation,Coastal,Normal,11.326433977848794,28.320901693465014,1.1468854500032846,-0.11369883337780105,0.9978155547494417,14.981930541500022,14.854355205265222,28.39672979070549,31.147678380644912,0.2677460557619603
110,Overhead Line,Coastal,Extreme,25.85208336707251,13.740011031027821,1.4321030165227655,-0.23495245994461386,0.9905589539339679,3.1690020440624,41.420873744699975,13.77295052687554,60.22257532039854,0.2397341295675446
111,Underground Cable,Plain,Extreme,28.588438406456653,16.267863792520057,2.3554425973550064,-0.20161717055447803,0.8247544648537237,0.5019503321284958,54.032925020373085,17.576716235942293,89.00271589570221,8.045631928784925
112,Overhead Line,Hilly,Moderate,63.65246472914292,27.337523715060513,4.210342718319252,-0.24048907002239242,0.9022070298387367,32.516322893959185,81.08727151605835,30.774386984065906,27.390623224261425,12.57196264309774
113,Substation,Plain,Extreme,46.6855389370677,18.490665960296454,3.2881945734772033,0.037126787486430654,0.85755008064185,27.672994888636577,56.69773156539384,21.02106896865895,21.446025592255918,13.68475864414959
114,Underground Cable,Desert,Moderate,33.48830313965078,23.498744350380445,3.0506709038256656,0.02256081572642459,0.7965791095197341,5.338621345573114,51.659615663013824,24.998754166345527,54.26166995558478,6.383361568597164
115,Substation,Desert,Extreme,96.19445510812373,19.490807780589257,2.1739552928324866,0.015078014176224293,0.5266739984944488,7.9898638760383704,155.76851674451092,23.0172807692538,61.93086864458582,18.093005833121655
116,Overhead Line,Plain,Extreme,36.72206172906669,20.712550749606528,4.727014877731266,0.08815974787199136,0.7273821712763305,0.7197991394642596,43.89458760821502,23.864877251639616,19.531925881686124,15.219402671073585
117,Substation,Coastal,Extreme,73.34205828767273,21.062206272360058,2.5880601649487667,0.1787938284175675,0.8373931510837053,54.04469672313404,101.0546843431174,24.840711465359163,37.78544903491288,17.93974070967883
118,Underground Cable,Coastal,Moderate,82.42217115575431,18.34594594225458,1.348371067183086,-0.08883997962376729,0.8387658069418423,110.29737763876263,136.02760269510685,26.016081604155605,65.0376358541364,41.808341123665286
119,Underground Cable,Plain,Moderate,18.60079324685314,26.419597714880993,3.468266064471205,0.06097162158576271,0.6865613092111917,4.366715088809726,27.316318567712027,28.579582488437424,46.85566472996182,8.175691382082654
120,Overhead Line,Plain,Normal,51.479259281471364,18.976572105968405,1.4553535739064056,-0.2369423261108815,0.9708459933290152,7.898473913351242,78.43220343049217,22.491004116496125,52.356899701394546,18.519846423803703
121,Substation,Desert,Moderate,39.649326981835515,24.125493710364818,2.3808925712067683,0.20680646193950258,0.5836785161183905,60.84181899381652,61.458570671862994,34.113362483061906,55.005331364184094,41.39964509164051
122,Underground Cable,Coastal,Moderate,38.02151206881329,18.170146549004773,3.0296477548712355,-0.18672468573272355,0.7501797231077802,78.29932347629746,62.91368511608396,24.005592644450658,65.4686562760038,32.115569787550825
123,Overhead Line,Plain,Moderate,61.10753633613816,11.725610988924332,4.496890098740703,-0.10651216785606564,0.8454419882754114,16.32254814850738,70.40792399169331,12.478512175717832,15.219706460420705,6.420997485799824
124,Underground Cable,Desert,Moderate,37.54259007153433,31.299481994073332,2.9741863213604747,-0.08965642705996386,0.8485679029459046,1.5584622934377004,67.21134763686086,31.608951717758877,79.02693316789052,0.9887375252540744
125,Underground Cable,Coastal,Normal,40.08061907347059,27.996215880763266,3.809035064126657,-0.22894064950833182,0.8243194783844078,1.2056606559256249,58.68621761927985,32.069018337201065,46.42043704889861,14.547689136931893
126,Substation,Hilly,Moderate,46.63770208749413,42.30945655038138,4.9712673559962814,0.004886336611284276,0.6376441067259301,25.5959476305937,57.95609353397713,49.85280028863641,24.268758836465114,17.82897808973875
127,Underground Cable,Desert,Extreme,42.53201463246861,15.648217280013935,1.5259564795919265,0.03208558023022225,0.5781032843433109,14.971611011065832,79.56448912402625,19.096264204615345,87.06964579873755,22.034758738973363
128,Substation,Coastal,Extreme,26.528595859757495,22.328316101343756,2.098926102078078,-0.02841205064723246,0.8179701634133554,0.8721276503882129,35.59702475060378,26.188707803180076,34.18359923301716,17.289220039320366
129,Underground Cable,Coastal,Moderate,65.91813009694948,22.971940153153554,2.5783043023905856,-0.2310371448046615,0.7996510580697189,26.258234933092968,94.38569979718238,26.181885945724297,43.186251883001006,13.973333428391706
130,Overhead Line,Desert,Moderate,70.97061877015202,31.91495550625705,2.6873127141553255,0.2975079352277567,0.5896780051446204,0.341006869872547,104.77704892686862,35.80939514485115,47.634402436596076,12.202553871117196
131,Underground Cable,Hilly,Extreme,56.87237179070435,19.943136846939133,2.644084301062183,0.0823846194752472,0.8525695727852817,46.446327665765544,97.18433028704929,23.88358711335848,70.88144423569447,19.75842765690156
132,Substation,Desert,Extreme,42.46894697955469,14.631665166593164,4.63044401022622,0.3951333065474938,0.7275859958668283,10.977215306166967,65.54044257141835,18.261245857486134,54.32556546073699,24.806340560471433
133,Substation,Coastal,Normal,35.89578527340438,33.662474467688014,3.8561305778674257,-0.12076638598294387,0.8338802958015765,1.2327235132640224,50.145322224094365,34.68391171661422,39.6969639810266,3.0343498660701944
134,Overhead Line,Plain,Extreme,35.92759874147107,21.466799765910174,3.431620856362815,0.14368233422654647,0.9186835398850753,26.627616017144042,45.24863721310566,24.210579088560024,25.943950606627524,12.78150144674588
135,Underground Cable,Plain,Extreme,97.14752730065416,31.029148077808344,2.2374908714511283,0.11689108310912452,0.5848642142884616,15.209212275496833,155.72629237273233,39.037467425092494,60.29877105444733,25.809021012122468
136,Underground Cable,Desert,Moderate,68.75676603133289,30.097587206337693,4.295161536885178,-0.04358626546460433,0.5095724339984183,109.2603493598995,97.70504636394082,41.340392040767725,42.10244606242246,37.354505387271104
137,Overhead Line,Coastal,Extreme,33.19779842833323,23.760876208781603,4.820242045939956,0.2116576351588836,0.8895512931978934,23.570946833457832,43.34619494620189,27.368014200517063,30.56948652717687,15.180997367438515
138,Underground Cable,Plain,Normal,53.29395654874281,22.605490359722015,4.284793130200907,-0.06081150114206677,0.804848712576308,9.657407503100414,69.81412835305773,24.191518293651864,30.998208566491993,7.01611824690076
139,Underground Cable,Coastal,Extreme,42.74929949801275,20.867481549361564,1.0062604207658916,-0.05413371291369107,0.8498197848110609,37.07823828201359,76.6073182142707,24.282921751058726,79.20134157480611,16.367285115925533
140,Substation,Desert,Moderate,61.67600752312581,23.878454969840085,3.545605480733628,-0.5207144837907574,0.9190774874943213,9.502700262861053,110.71668451423746,28.414016108636808,79.51337799017476,18.99436602797546
141,Underground Cable,Plain,Moderate,60.869982055786835,30.904801809365047,1.204541525768403,0.0613542080613956,0.9014054674122502,70.3783376924148,96.0766882145773,38.49832764849986,57.839192603217484,24.570699032387115
142,Underground Cable,Coastal,Extreme,71.67219307810942,17.628478551523365,2.0304288813348874,-0.19882648675236098,0.9804600734644123,14.086766429181438,105.84608955741578,18.222735195184423,47.68082991692907,3.371003583345005
143,Overhead Line,Plain,Moderate,32.988870826756084,24.870765041672964,1.2380988013910867,-0.08260817935432668,0.7679675394260591,23.94646968438243,43.7295569884092,28.02128993037266,32.55851410634441,12.66758333899556
144,Overhead Line,Desert,Normal,52.09470597276261,15.050948574409539,3.415181811797551,-0.15393294581175412,0.7442478163299526,1.5569023082943705,68.30593569607453,17.80688832017236,31.118766140628296,18.310737905573752
145,Substation,Coastal,Normal,15.029060300849473,16.04715013566246,3.746359653970427,-0.054934730897739245,0.700943599945365,16.66011362749358,20.496185830359284,18.659540450932173,36.377028370834324,16.279465781678308
146,Underground Cable,Plain,Extreme,24.853193991423108,23.752488022755006,1.4579505522636205,0.06658203453261535,0.5768455214221022,53.57872712413681,40.48273443081309,31.568713082560063,62.887451990210074,32.90697400759479
147,Underground Cable,Desert,Extreme,67.6820167311836,8.318735933649345,2.535355532179918,0.0016712344573136155,0.7863036164410112,49.14265424614568,118.4013452680471,10.07894166163538,74.93767323498687,21.159533636186126
148,Underground Cable,Plain,Extreme,30.98632417189346,40.484468932928415,2.824946035822168,0.10644619357587105,0.6385062621629893,7.6204007120806505,49.61353159882867,48.21987582958378,60.11428565583541,19.107097364845753
149,Substation,Plain,Moderate,33.1818240390429,14.45552036071811,2.4762120870436664,0.18984443033784473,0.9606537561064877,7.688567086180926,50.66836053345758,15.193185884165903,52.6991417766528,5.103002209815629
150,Substation,Hilly,Normal,49.834438508999014,23.67929189874757,1.4841000019407722,-0.055319390501675315,0.7915954021385487,50.99816676523061,70.24563297388582,27.821526531487407,40.95801031489697,17.493067995664703
151,Overhead Line,Hilly,Normal,63.89522061693079,33.345741774534915,2.6757911607499016,-0.07178508630241706,0.796420090254055,79.94904039548362,87.31520429940491,44.43834759017519,36.653733184338286,33.26543428136107
152,Substation,Desert,Moderate,28.783464083318076,17.096757289996013,4.004712191233672,0.14365914804930144,0.677462330438505,3.0065766859126026,41.85858630738307,20.346834222524045,45.4258118001957,19.009902740034683
154,Underground Cable,Desert,Extreme,32.59553515712977,20.44043391900263,1.3207200563276138,0.11108863021545705,0.5158718826864943,12.3499713185657,54.125115342930464,23.966295499877866,66.05070320832402,17.249445852504085
155,Substation,Hilly,Extreme,74.11256155905674,17.001436959391047,2.419085167343937,-0.1428268210109024,0.7116675720765988,61.365921367541716,113.94983781256704,21.677335079003246,53.7523942169586,27.502958313352355
156,Underground Cable,Plain,Extreme,56.862701020337475,5.789011931263982,4.7669028464757,0.06339825982524055,0.542282689048619,2.6166118999640413,77.81276389934632,7.167693345433222,36.843242587994304,23.81548752255235
157,Underground Cable,Desert,Normal,76.47749607574426,26.279119140577592,3.674290586891656,0.016420590607093354,0.8034234777700695,7.114457816740833,112.9382920763486,29.167339205659157,47.675195804649675,10.990551280015563
158,Substation,Desert,Extreme,27.363677157346086,25.656750897863613,3.714679826690259,0.15787934120244948,0.9404865028198287,41.88650328636433,35.83888868010734,28.17067937813088,30.972487630325617,9.798311915156011
159,Substation,Plain,Moderate,17.212074646718875,33.13861163630681,2.44767996335146,-0.0859308134306623,0.9414574082593611,1.5796850692612503,20.051798556889075,34.27949797945163,16.49844059159675,3.442770492819481
160,Underground Cable,Desert,Moderate,59.25097105295081,15.033421075836902,3.3746431648341537,-0.2499915436724874,0.8295227050661163,20.34984858568882,106.20963272226263,17.207262321192086,79.25382628302627,14.460056925094596
161,Underground Cable,Desert,Normal,54.800454753700926,11.206908108423898,1.0405247361109735,0.10353552005704086,0.6056159157364656,17.507644602683097,83.69299995601685,12.645034603615539,52.723185112555434,12.832500108666405
162,Underground Cable,Hilly,Moderate,56.111086407545166,20.74621533562733,3.544384185638169,-0.3837552574885653,0.931498415679436,12.212044823818125,97.33365179356713,23.350271737129123,73.4659904579549,12.551958800070226
163,Overhead Line,Desert,Moderate,68.65993285301136,23.29325872792724,4.653147790304947,-0.1097270105844495,0.9430467176566041,15.05460461613233,77.12511717831204,24.825372982378852,12.329147398706505,6.5775006938582585
164,Overhead Line,Coastal,Normal,58.4336984782452,31.370796823891972,3.4502938733792767,-0.15347932669774417,0.5983267924764794,22.646885444413936,75.59201756485776,37.49319879540699,29.363739645883584,19.51624629072922
165,Overhead Line,Plain,Extreme,58.11235186280758,35.28454404004127,4.49479437386538,-0.15449020063586202,0.8687130428853387,5.27947563204955,71.51333419377218,37.55614095693774,23.060471485652176,6.437937569261597
166,Substation,Hilly,Extreme,64.30014027602282,33.71583307125877,3.8958922218643752,-0.11235472064326434,0.6432597744635615,25.458673598045657,87.13143538657872,42.913933102871574,35.50737994123719,27.28124798866017
167,Overhead Line,Hilly,Extreme,60.04833264374055,26.212349335141333,1.482233665614761,0.18260603546274448,0.9013201561764648,49.10925765292195,105.13762751497646,30.995733909160524,75.08833782071054,18.24859158124523
168,Substation,Coastal,Normal,67.14891863434812,30.395994028033183,4.609813229143366,0.12308331285095592,0.9986189499518013,42.833613640365,92.6190116335087,34.7993673500513,37.93075676743971,14.486689653765017
169,Substation,Plain,Moderate,70.17041649557163,18.876052521846525,1.2657753774230995,-0.03775960229887576,0.5150130026646964,5.013528312296669,94.36907429490927,21.968808371038644,34.48555532068815,16.3845478052822
170,Overhead Line,Plain,Extreme,80.6337760248183,25.347161539801974,3.135869890191055,0.17004352077885737,0.948682932895466,4.8490902695313665,119.19044234562077,26.29611264401451,47.8170169147667,3.743816058939869
171,Overhead Line,Hilly,Extreme,37.01617350192642,14.469678885697551,1.5685484951738307,-0.1593445732749561,0.8113152667993291,9.366390020954558,66.317218861759,16.178705880653904,79.15741306515025,11.811091375674057
172,Overhead Line,Desert,Normal,59.61124214821495,24.501483175094986,1.0468264429236163,-0.1797425078620737,0.9866913095824106,13.439033222209678,90.18808516389679,26.46228560680529,51.293752510066525,8.002790760452406
173,Underground Cable,Hilly,Extreme,42.59353262805407,24.7091735791841,2.688137040510556,0.12953949888698857,0.7325047587632139,15.75055510661682,75.74539399312974,28.497003512148815,77.83308713689627,15.329650426494718
174,Overhead Line,Plain,Normal,33.328820254414666,37.77702884547976,2.180162830616625,0.08694648439839704,0.9236939652856868,34.15465599465454,41.806341317900184,41.210728445398836,25.43600703166985,9.089385017450716
175,Underground Cable,Coastal,Moderate,36.20919357839268,22.168137108078028,2.944001975190412,-0.06903951023749846,0.5311970342991386,1.7505050856413766,57.29269873869599,25.469825548095386,58.226939284515275,14.89384707393491
176,Substation,Hilly,Normal,59.899110351230505,24.72034270122629,3.308799546938203,-0.17031913405471957,0.6676395250391478,1.0586420562608898,82.86009557911409,29.038701107087956,38.332765033148604,17.46884522619279
177,Underground Cable,Plain,Normal,58.365051095720005,25.89569132569634,1.1749562892357894,0.21895978125569102,0.533508268875605,14.922999222389215,88.89397019735216,31.479671781812513,52.306848924991144,21.56335733958637
178,Overhead Line,Hilly,Normal,58.008240584768735,20.361437472892376,1.4920131804949825,-0.2580153826421727,0.9876715667395353,35.83688572599243,89.88354660395635,23.651315367338977,54.94961698175885,16.15739507009997
179,Substation,Desert,Normal,45.485727048613334,17.58005813430682,3.2345695858017014,-0.08976389030153405,0.9084869536359184,6.449136441196317,58.48404584785155,18.835756136347708,28.576697884472917,7.1427408968030655
180,Substation,Hilly,Moderate,50.06829502356821,34.39049059877642,2.372669412690633,0.0342864791276846,0.9262737106229852,30.775173571140787,70.69291786157837,39.00433543519484,41.192980164996044,13.416048320585979
181,Substation,Hilly,Moderate,66.35505391752099,16.15266045631762,3.916693950197792,0.27032472126471685,0.9689826157169471,9.026186211666985,98.82565600153877,18.026885673018445,48.934632958596616,11.603198258078775
182,Underground Cable,Plain,Extreme,20.21213880701388,13.376655426501815,3.6091665943677587,0.057465031810983044,0.5425517430598927,65.16937369411282,32.608949774678024,17.638005477072582,61.33349412464102,31.85661822557069
183,Overhead Line,Plain,Moderate,50.49284196857168,29.442123034363842,4.382417451959627,0.07204569795199481,0.6927987962566666,67.81162529967368,53.20105589486748,36.70808599856567,5.363560102205129,24.678801035242078
184,Substation,Plain,Moderate,51.7991229625358,33.26251873619208,3.769971306676901,-0.08540755502221908,0.535517444522001,10.58421034763337,68.89920806703778,37.40331473676033,33.01230624477904,12.448834778295845
185,Substation,Hilly,Extreme,65.06608538155298,20.38872273919489,2.7197243095605925,0.08527203379118974,0.6053965507750143,7.840699572937685,106.43701818824059,24.625522381099476,63.58294426979122,20.78011308555314
186,Substation,Desert,Moderate,22.995031761143498,20.51157209880096,3.6918664895777296,0.015796398131863034,0.6146828885188362,15.895359304590086,32.23641483201193,24.630621193785643,40.188607551672625,20.081586507089174
187,Underground Cable,Coastal,Normal,79.90267491034822,26.260348208854346,2.101524697021674,-0.23826968106263371,0.7345536055237893,8.254096338551115,120.92342718241275,31.049449260004952,51.33839676592844,18.2370051343639
188,Underground Cable,Coastal,Normal,54.2726084885702,18.337178586054534,2.2252539951128507,0.11894022802396606,0.6342810837268213,33.477378294538255,73.75317802182202,23.21088418244289,35.89392527052468,26.578274152245097
189,Overhead Line,Plain,Extreme,55.33161093389873,17.74629983510425,4.155940639683173,0.14555900847702768,0.5504890534088805,52.47215397484126,75.85701141757306,23.063918464213742,37.09525194954971,29.964661244991607
190,Underground Cable,Plain,Extreme,41.97240485335547,31.036740703890928,2.7856780656063287,0.1205047573231744,0.5837455445470539,33.54230681065741,66.72447023907418,37.54297880914026,58.97223538226667,20.963019820034372
191,Substation,Hilly,Extreme,60.760447095936875,28.85704880626895,4.19352136207341,0.004999188849870301,0.5736377817760454,52.17793339579799,93.76923987790833,35.28759323860867,54.3261189797578,22.28413749275269
192,Overhead Line,Coastal,Normal,50.959081005662114,34.48927109054484,4.289689494673114,-0.14342653247244708,0.9865383989561491,15.174752530256084,59.47817091211803,35.17322615090883,16.7175108701614,1.9830951444824736
193,Substation,Plain,Moderate,74.17963888212931,13.979287901076034,4.430249350645135,-0.3463775596927298,0.8796462534592369,5.099352379126786,105.90539139882553,16.495006126194006,42.768814993974445,17.996039876425524
194,Substation,Desert,Normal,21.170115038727694,19.980300104715067,4.666540943364829,0.0235580408102176,0.9838807326347809,40.17670707215677,28.2386721643678,21.87769565023306,33.38931844588087,9.496331564460519
195,Underground Cable,Desert,Extreme,53.51091659781016,26.249436498155625,2.723940882053185,0.16229130896112737,0.7198702432539543,13.41086375686781,90.18824267410304,31.656354089266696,68.54176382729695,20.598223476115304
196,Overhead Line,Plain,Moderate,58.17024696754852,16.59503320180507,2.2754672732845553,0.14932987036246212,0.6391842408313283,33.375631326037066,78.68017568011905,20.249367316316008,35.2584521843485,22.020649612882064
197,Underground Cable,Plain,Moderate,46.27255211273817,29.133499497237196,3.3287949863764554,0.12241092650907717,0.8991465986045933,9.467797393004867,68.62045306989795,30.498850164587783,48.296235968812546,4.686531624805548
198,Underground Cable,Coastal,Normal,41.90668353385907,33.797016697810655,2.4846896937505103,-0.011131646782408623,0.6631269590205734,2.541571875118148,57.79704359059031,35.67387360422383,37.91843858007138,5.553321238956442
199,Overhead Line,Coastal,Extreme,42.74085442062585,19.333136222181214,3.404296667200932,0.16311962610472455,0.6496916868526741,147.11454691702625,63.874268203082735,29.21937234756443,49.44546399207765,51.136225451308725
200,Substation,Hilly,Normal,53.49278538735656,24.308735521816264,3.8223434505752985,0.13862427357838542,0.6162529961039156,5.0952469909380484,82.40268299923461,29.844332341594708,54.04447983505292,22.772047582690732
201,Substation,Coastal,Moderate,13.800821980385876,35.644949520648936,3.7536200739685475,-0.06339503410823372,0.5648394891121177,133.75684935056336,18.30315945470178,51.880289331444466,32.623690680995345,45.547377760741334
202,Overhead Line,Desert,Normal,69.3002992212646,38.394172600152,2.4982115480804854,0.10148970249237708,0.628231530508383,113.5352015132251,81.75645835623331,59.4618678733053,17.97417799769987,54.872116903151856
203,Substation,Desert,Normal,40.39736264608298,29.96641000848323,1.6674408067950113,-0.08039387181139375,0.6776598742369438,47.36989527185629,54.05580154678108,35.975603445983324,33.81022424745456,20.05309757091004
204,Overhead Line,Plain,Extreme,52.556053947335656,28.747433385548874,2.72211735384883,0.08100363474253831,0.8369971040728652,32.31341788773079,61.82972758644098,34.241901761640555,17.645300479366483,19.11290062803906
205,Overhead Line,Coastal,Extreme,57.34204533576134,17.170107722520704,1.570376576327635,-0.19486749664516007,0.5312824211097258,25.868785276479773,96.21657075123454,21.345870925578566,67.79410324108045,24.319959260248762
206,Underground Cable,Hilly,Moderate,39.48389225374086,26.873675203662728,4.560388140735233,-0.18333177130093822,0.6052534698326715,60.32020702904752,64.75583420359806,35.05195737522256,64.00570082465168,30.43231753595495
207,Overhead Line,Desert,Normal,47.379231860020084,28.454566726199985,2.3835098429514296,0.15873105704158613,0.9045118201458382,10.251036425826362,62.06931001003213,29.163274882836543,31.005310920644003,2.490665781194284
208,Underground Cable,Desert,Normal,9.295195187489924,22.317038731511634,1.6178389888932951,0.14063401833071473,0.5734609617918853,18.91538233354227,13.455901789765868,26.847215292555145,44.76190675237991,20.299183128839164
209,Substation,Hilly,Normal,64.64247214666145,19.2417899635547,1.1017910396230035,0.0950417310863747,0.6713225732612608,28.979399090287654,91.08782500492498,21.91818610692879,40.91018177377881,13.909288836659012
210,Substation,Hilly,Moderate,71.60138000644329,13.749618612185161,3.583289545145937,0.013195323157924566,0.93232946092907,15.889576086147027,94.05596570707671,13.50754910404016,31.360548775195063,-1.760554346798203
211,Substation,Desert,Moderate,15.980128961224928,10.098161959589662,3.547609269818973,-0.3586911646536223,0.5774626555717213,16.731566485678833,24.176431048426462,12.625926573975796,51.290587873786855,25.03192783500226
212,Substation,Desert,Extreme,41.87014246607476,8.416931893430696,2.3624166663251667,-0.011231390730973439,0.541368417809095,12.027076012549779,62.598827240840656,9.603849674123072,49.50707963690664,14.101549064674614
213,Underground Cable,Hilly,Extreme,25.40261243518371,28.63554058293809,1.286847555390604,0.0681274750784757,0.7422689975400054,24.919346000207828,48.3631334783543,35.60641629164344,90.38645573070777,24.34344023824298
214,Substation,Desert,Extreme,46.44519357025188,25.181594601814215,2.638515579580928,-0.08020998713393872,0.6512097556392682,57.02872576807991,66.83016221391473,33.41404311719246,43.89037288181184,32.69232407857579
215,Overhead Line,Plain,Normal,62.97272669441922,20.12951094767123,2.2448699802535743,-0.10687412892123563,0.7817041822419271,6.751675533071577,68.66387301621756,23.958806620895576,9.037478001254636,19.023292136500498
216,Overhead Line,Plain,Normal,69.7461779851325,21.34834961820289,3.7084825589400374,0.21666305822305373,0.9019024452417376,81.74050048305753,77.22363459573265,26.95579912990184,10.72095536502958,26.266430951260528
217,Overhead Line,Hilly,Extreme,72.43706378853696,25.683764332243875,3.4231169978107614,-0.009043348708741768,0.5685742440763716,35.0473275413472,103.66202637396921,31.69539248312905,43.10633390191824,23.406335898114698
218,Underground Cable,Coastal,Normal,76.21087649384427,22.683495431931245,2.45837491279016,0.06821927544635707,0.7903495422771425,51.99450940230469,108.09164548895617,24.67864847465452,41.83230853890913,8.795615511332192
219,Substation,Hilly,Extreme,45.55174443088869,13.275574559969375,1.8715702170199604,0.11611971924290476,0.7527543801949319,24.37080890135072,72.21229192394372,15.267930974677773,58.5280494219152,15.007685021152067
220,Substation,Hilly,Moderate,27.060827425331215,31.304001762194396,4.952143864622368,-0.15021556147576165,0.5720393930065998,45.357999911511094,36.04765324057989,40.307806025056976,33.20972294748182,28.762470470265583
221,Substation,Coastal,Extreme,47.708193993840624,26.433009365358473,2.8160064847844595,0.02898111340712907,0.8119992427644912,0.48999175510021925,74.07718444231284,28.316131233564704,55.271407783485984,7.124129690182529
222,Underground Cable,Coastal,Moderate,62.665350046071524,26.127187838510785,3.753096943120948,0.19794667417159492,0.6368202089303858,51.17523076679897,92.90902167926282,33.61604885745294,48.26219212205177,28.663096331797977
223,Overhead Line,Coastal,Normal,25.454804381582854,30.70050162686698,1.562211870313443,0.27288347749495817,0.7439171592720062,1.228999495887746,35.65192106244901,34.94018865577716,40.05969375370259,13.809829821151517
224,Overhead Line,Plain,Extreme,83.20273906896483,17.490837151522605,2.942358798637591,0.0059904595822035675,0.5411361621385309,66.19463206455183,114.62056326840444,20.718775833770405,37.76056479750997,18.455026790794875
225,Substation,Desert,Normal,67.95777077520684,33.70985150180674,1.110146879477862,-0.0356915321020612,0.7297920286068116,144.71003851594293,92.13987962432982,50.479749161252286,35.584023097392986,49.747764859025665
226,Overhead Line,Plain,Moderate,45.86865663137342,22.879657184462097,3.0218204716418,0.04035361022063,0.6532317340214102,10.447068046373953,57.859045425719394,26.65240513513986,26.140701897392702,16.48953006708461
227,Overhead Line,Desert,Moderate,35.782561391775175,31.108791042647,4.856069628470809,0.03654555705412816,0.9111906055926772,7.08376951941873,45.03656953121863,34.84995875437425,25.861782330569948,12.026078758890014
228,Underground Cable,Plain,Moderate,36.61757837774714,29.875592267901236,2.536826851943201,0.208013709919673,0.5284893634986841,43.49151572001476,56.44021508991228,39.455131422657665,54.13420982587848,32.064767348725745
229,Underground Cable,Desert,Normal,51.48412427600311,15.689585375979552,1.1559840502996463,-0.14945875337506007,0.709303637459165,8.751760702414714,77.40589359816788,17.800481532757775,50.3490535901899,13.454123268355858
230,Underground Cable,Plain,Normal,45.41194794539295,28.023203239313087,1.1238231636773741,-0.04198096292490324,0.729215712065719,60.19965008827791,72.10403492603145,36.7050472659301,58.777674573077654,30.98091232638765
231,Underground Cable,Coastal,Normal,69.0100551056525,26.610197366773484,2.551947039787478,-0.16757119903147658,0.8625030381495593,3.255718493219477,121.33738673189319,25.70056485975415,75.8256627184676,-3.418360617479438
232,Substation,Hilly,Normal,43.140483433947416,24.24249325995474,1.6400997458527762,-0.15181423286963655,0.7871437875451055,4.0387092574993115,64.48574506946467,26.170674280301085,49.47849429689187,7.953724064889962
233,Underground Cable,Plain,Moderate,60.11003621222982,23.24502599971695,1.0934083853127436,0.05648610227086865,0.8336061685970906,116.1142775604107,85.29236314074218,31.172653303645344,41.893714453276,34.10461792567978
234,Overhead Line,Desert,Moderate,49.421502316502604,23.312854002257666,4.024854455800707,0.12147867624555396,0.8885246428258781,33.610915277845116,64.86111996480957,26.765416617776996,31.240688616524398,14.809695180113842
235,Substation,Coastal,Extreme,55.39338714794142,30.501515405151963,2.8340920355275627,-0.09740875406156177,0.9311014868290943,56.29741601626127,87.85312483854861,33.07755627310827,58.598578931300274,8.445616008708843
236,Overhead Line,Plain,Extreme,45.39887128807234,28.62328411033208,2.156979087890618,0.11581421834629342,0.6569377483612353,11.761486988527029,60.76817735382832,35.043101876086375,33.85393872070551,22.428655429643552
237,Overhead Line,Plain,Normal,64.15431082499241,24.24383080212532,4.600332732065922,0.1667367985697952,0.7690113526819515,33.855177989450155,73.16554364132773,28.678206162566344,14.046184426978279,18.290737122502467
238,Overhead Line,Coastal,Moderate,64.45080160580154,12.064510828229002,1.4645558408021024,0.2902058997650085,0.9200540392195999,27.059937918170526,98.99260105099181,14.140832673718425,53.59405714836133,17.210161895923417
239,Underground Cable,Plain,Moderate,59.19858051644289,27.955547312668948,4.823675315821276,0.010462027326157348,0.9947255654825282,27.72591618409074,84.91160431995627,30.493651337308776,43.435203309260736,9.079071127645587
240,Underground Cable,Hilly,Moderate,62.15028654299009,29.788908953422236,2.2558668695094113,-0.09596467911661995,0.9447596555218816,34.421391019205934,106.44674537886672,35.54396872243927,71.27313693917766,19.319471478514398
241,Substation,Plain,Extreme,31.11262444913895,42.40328068357576,4.553614689234725,-0.15037078974088422,0.6857336313121885,25.695347418365458,44.465897078819374,46.71377659475832,42.91914573619321,10.165477391592878
242,Substation,Hilly,Extreme,56.46491525817959,32.603464504840304,3.411771505917846,-0.16526897968798404,0.5975832586093253,16.814259104783314,85.79386840134799,39.30221600833453,51.94190588804572,20.546133992906594
243,Underground Cable,Hilly,Moderate,74.98403534975067,8.80658889667626,4.30682943896595,0.187467105210541,0.7446962687032943,9.685713497371953,121.3679580859986,10.549673997216525,61.85839761743652,19.7929654829026
244,Overhead Line,Coastal,Moderate,59.828091340389946,24.627435192149143,4.936052652841857,-0.22726430144334756,0.8708207259180212,43.905803658690026,73.26746607261364,29.543002132579907,22.46331853670681,19.959719321473532
245,Substation,Plain,Moderate,29.385649943969536,38.49100022931985,2.153621751274983,0.18266227284768002,0.7462845353766487,7.696063322972016,43.14408937973065,41.807720808338104,46.82026588486124,8.616872929407009
246,Underground Cable,Coastal,Extreme,49.0046698070183,28.988390855213098,4.844541941630371,-0.13026615438782232,0.7415904316568342,35.364195084600574,81.74115863395726,33.92423840639669,66.8027944190954,17.026980130895947
247,Underground Cable,Plain,Moderate,57.49955876679418,26.62921728298567,2.5579275796096814,-0.10278092967891085,0.9191152105409003,7.971074988709608,87.90707588657602,27.881138919849704,52.88304427362335,4.701308429609492
248,Underground Cable,Plain,Moderate,34.85200966203382,31.201829271321888,2.5420476189476893,-0.022733318251496958,0.6807018895335932,29.451302821505738,48.70649274889167,35.72522386590111,39.752321949888255,14.49720961949095
249,Overhead Line,Desert,Normal,22.834576065532946,19.020974440073577,2.3615484170180228,-0.1055481824349767,0.9298973374058228,41.24025583069052,30.012030383711547,21.82631864690233,31.432395756242755,14.748688168774498
250,Underground Cable,Plain,Normal,43.67804263126946,27.824719973019647,3.165630429390341,0.13979696324393626,0.7034024004758618,7.404415704003267,69.54717497089923,33.74128810054246,59.22685812186522,21.26371130872059
251,Underground Cable,Coastal,Extreme,35.183351840645955,21.996255688064714,1.6165801727139484,0.2720015927974163,0.6641165528391697,1.8544526191352446,61.57441020812316,24.864079256725315,75.01007433006609,13.037780653807808
252,Underground Cable,Hilly,Moderate,49.714219372200624,23.843012113516203,3.2148459414320447,-0.09861482363297068,0.7269949555998495,4.211458169299118,84.19423863946905,25.959771384080117,69.356453148994,8.877902089241314
253,Underground Cable,Plain,Moderate,18.171907050074232,30.62763612556085,3.166819249640016,-0.06483567587469401,0.8812234793374343,27.941900172964978,26.494023275222496,35.16488371907538,45.796603527719824,14.814227173503221
254,Substation,Desert,Normal,61.29402125072312,16.58629518006255,4.04760725041948,-0.024498121092584757,0.5630010139319972,56.803084601132646,75.17436209263087,21.278279290102052,22.645505317933434,28.28831911588956
255,Substation,Coastal,Extreme,37.307899294132866,34.30385979041551,4.334599847750342,0.08115851452389566,0.5982096079360086,1.3812182987295767,47.35806394779943,36.845560495428906,26.938436212748858,7.4093723579279205
256,Underground Cable,Plain,Normal,69.91504473362713,20.617504311315653,2.761765401249696,-0.02302264184337847,0.975722412831546,39.74483324858704,97.50233904646572,23.044562626490606,39.45830889180551,11.771833673597893
257,Overhead Line,Coastal,Normal,44.46202320407244,26.08530266520326,2.209332997405975,0.20808861165788936,0.5877458136906787,12.525461727966519,61.47709449632399,31.16321741440901,38.26877426192581,19.46657401058063
258,Substation,Desert,Normal,49.492219072310256,12.795936317800455,2.037339589268378,0.1719935874842891,0.7838636589655272,19.533012199013278,79.91920791857326,15.374811907946567,61.478328142465934,20.153863899421193
259,Underground Cable,Desert,Normal,46.539302426061646,29.758698326971125,1.7784953468194877,-0.17781935303926502,0.7896572333309689,79.2929755426726,70.45890476570467,37.713201650801984,51.39656396364084,26.730010958246364
260,Substation,Coastal,Moderate,36.23680619799455,35.57203148757262,1.2305903287960995,0.07814522483622431,0.7448122310251224,12.102733463226912,61.132215166307084,41.77791115684513,68.70199551330857,17.445952366933497
261,Substation,Plain,Moderate,99.44558924545319,19.882867606254823,2.3697919153388534,0.22805088559642542,0.8223726242884093,18.783555406417403,142.5469882529944,22.775201412903005,43.34168999809297,14.54686448617855
262,Overhead Line,Hilly,Normal,40.0826764398543,15.118212907923201,2.080990768523133,-0.0742171418650325,0.6149133628988093,0.4133064503284753,56.95114833954733,16.26877969968896,42.08419546285753,7.610468239687017
263,Underground Cable,Desert,Extreme,70.4704304493132,26.223864517941667,4.865669543465629,-0.044139730769033485,0.776331133888374,2.553625790845547,103.55482998220336,26.682413057306494,46.94791747680122,1.7485925426860727
264,Underground Cable,Plain,Extreme,28.127421078732098,35.63848515993394,3.2308353050001757,-0.0792055496779433,0.6860866276234485,8.976109393681494,43.86560313357299,43.88261577948791,55.95316403444095,23.13266285746149
265,Overhead Line,Plain,Extreme,57.44262782186322,12.401147476152753,2.38910815612203,-0.07606134232852585,0.8308336298145945,0.8474241137616699,81.33188834042004,13.148788949971719,41.58803561814826,6.028808828027173
266,Overhead Line,Hilly,Extreme,59.577443278636714,15.149534550173264,3.321870403974784,-0.25026773278665715,0.5706117716865747,29.93928889036694,98.46799415071193,19.811359470664975,65.2773075376677,30.772066990258747
267,Underground Cable,Desert,Normal,49.51646045803741,20.366483533507875,1.556786805382782,-0.1992472427197576,0.7854387084197381,16.674603749687158,75.46071193535161,21.680034393546226,52.39520603315455,6.44957121771776
268,Underground Cable,Desert,Moderate,38.57990560720854,17.437249403754436,2.7761749968088116,0.01162105781058448,0.5926351776916619,23.83183187200877,63.95313270492246,23.047005963347324,65.76798646436556,32.17110927131113
269,Overhead Line,Plain,Extreme,44.73356194772072,17.462516267128038,3.5049372856842553,0.22703969619791675,0.6393215315575183,5.758329918184188,63.71913589397618,21.200367132681077,42.441453619194334,21.404995754187393
270,Substation,Plain,Normal,41.93420996053759,7.247034978689783,2.9555913271698055,-0.09200412187774243,0.6093549001617916,10.526411351668287,54.893783985187966,8.34613354225662,30.904538411111233,15.166182677450625
271,Substation,Hilly,Extreme,98.04052563670912,28.712455579246942,2.607115202617297,-0.0964135954422837,0.5914188899344086,32.70365577446136,151.54681030008155,34.91859014847936,54.57568114398009,21.614781613169114
272,Overhead Line,Hilly,Extreme,49.54793821110361,26.70976402295708,4.975393555598792,0.2552281605631102,0.9128554757803335,100.8328225769852,68.67493566973238,37.131198235854974,38.60301386737105,39.017320422376834
273,Substation,Desert,Normal,60.49777557327901,10.409206401570836,4.521259048595708,-0.16623861927239802,0.6428537838304451,1.551962991104393,79.51396997863066,12.267277083426908,31.43288199467424,17.85026264418845
274,Overhead Line,Coastal,Moderate,85.63250180850734,35.65756607964997,3.4936238326377604,-0.24918647440596328,0.9635618909322247,66.32324570430355,119.76917938884397,44.62910648345224,39.864160055341564,25.160271409894115
275,Substation,Desert,Moderate,32.47362664051637,37.4487385194439,3.277509444729131,-0.12427731542062496,0.9849632626725955,25.803068742066596,40.90768859866038,41.216222467137854,25.9720358662407,10.060376121181825
276,Substation,Plain,Normal,50.75320466335875,17.992755601759086,3.482641919298336,-0.09941767181915491,0.7856302349685487,24.897857181874084,66.22812476554347,21.239748527098453,30.49052804611731,18.04611254221627
277,Underground Cable,Desert,Moderate,44.61627736637222,33.332388727816046,1.805248431289733,-0.2621179627042598,0.5715005613328632,20.811132185905162,79.88317022842868,38.36241441528651,79.04490231773012,15.090504699631326
278,Underground Cable,Coastal,Normal,48.27723109033272,19.416017560072433,2.5805509730572744,-0.019206255941191692,0.6872741216897906,2.157581533471838,66.98992600135342,21.066504506054414,38.76091169356196,8.50064613340731
279,Substation,Hilly,Normal,46.41976065765029,25.448932081688486,1.1578381315635973,0.1422669524792303,0.898866131674107,2.825260825942684,65.49749475972588,25.04660479148797,41.09830346342264,-1.5809201302007008
280,Substation,Coastal,Normal,35.362458287395654,17.313902919832728,2.9021841499473067,-0.19289321605722393,0.6836953643485353,27.55720047635259,47.77614030186482,21.455368250154148,35.10412628438168,23.919883052927684
281,Underground Cable,Coastal,Moderate,53.90820569993266,41.7140121876982,3.1720983358306527,0.013136732843038366,0.5435086091513943,12.509066419565999,79.80317183999111,47.55628819236318,48.03529593286166,14.005548011964947
282,Underground Cable,Coastal,Normal,28.747344451677968,21.631862181360816,1.9109989444128384,0.05939035134401596,0.778392455464094,74.76448847353649,42.76823293053767,26.058079607479943,48.77281274598326,20.461564469160663
283,Underground Cable,Hilly,Extreme,69.77765474618036,25.011592182587698,4.8561153886620545,-0.012507641291143965,0.9225604257480173,15.656118743212383,108.66866798079565,25.735366390496804,55.73562679353907,2.893755034167617
284,Overhead Line,Coastal,Moderate,62.466196133092076,18.496500900289384,4.637818443748968,0.02785388846115891,0.8979631935717511,4.639375126520812,77.09476680353188,19.538968250028443,23.41837918107227,5.636024647898401
285,Substation,Coastal,Moderate,40.13074367271968,38.89052477789116,3.8885729418236235,0.02959908938928163,0.5875615700651766,37.628401077527286,46.69388616565461,47.542944636848596,16.354400373089675,22.248143753195748
286,Underground Cable,Coastal,Moderate,41.10033357252281,39.09291716871528,3.1335465150614503,-0.1219091935377648,0.8363823072062333,10.416738808670937,57.90822079677493,40.787529804838776,40.894770828548346,4.334832902875907
287,Substation,Plain,Moderate,55.51021124696506,37.047433450103526,4.47987663859074,0.22478738580178023,0.6102521317178236,22.362932585702563,56.407927205924786,42.15652333389738,1.6172086879038916,13.79067160124578
288,Overhead Line,Coastal,Extreme,34.029093687876355,31.651522786780976,1.5226093752938517,0.18716352511143233,0.6091037672760862,35.90324173370986,55.865761042250625,39.77847096264286,64.1705816636371,25.676326003676635
289,Overhead Line,Hilly,Moderate,86.23960248269742,19.00168362452758,4.16203917709954,0.17848670958617516,0.9370358866525925,69.15689096712883,119.24040217860492,23.087408626034797,38.266409799985546,21.50191047404515
290,Underground Cable,Coastal,Moderate,57.158514573835376,30.622800767699346,1.4992832558673932,0.15205136108157952,0.624834476370115,47.13410483360424,99.21841494989407,38.55993759307394,73.58466308939359,25.919042760277545
291,Overhead Line,Coastal,Normal,57.86526302767355,23.943657608602116,4.176842650197622,-0.23624692041495357,0.6316236732590056,33.84380374852799,68.02105230546913,29.750013080595032,17.55075281164567,24.250077272684088
292,Substation,Hilly,Moderate,63.628901607145714,34.49926897394106,2.103070273005428,0.1389093566717949,0.5003266953806498,34.148659040373786,96.50862103193262,44.59876150794507,51.674189863894206,29.274511705255673
293,Underground Cable,Coastal,Extreme,38.410734518598595,32.92721642692289,4.508362324072756,0.09834021413242618,0.9353345170627588,87.52130172927417,60.5059196181667,43.50341862299357,57.52346414742355,32.11994010955346
294,Substation,Hilly,Extreme,71.78019963569548,18.805875375392603,4.776168375301591,-0.2304785422415675,0.8962974066045674,10.521812775710428,105.53502534910349,20.93768742071716,47.02526028727025,11.335883083188056
295,Substation,Coastal,Extreme,52.29066732430928,31.58260642269773,1.5951838776204625,-0.03223655327251173,0.813664467545339,0.03338139095348595,71.16845071835252,33.04855411830302,36.10163029085533,4.64162987685444
296,Overhead Line,Hilly,Extreme,69.00290941997663,29.45627560035141,2.850702420261574,0.04151901739879325,0.8751328819694211,9.521754429729935,114.04880369254617,31.609208692535294,65.28115212998333,7.308911423133882
297,Overhead Line,Coastal,Moderate,46.04093746863339,1.8114970966924133,4.92394951265074,0.24964756471869526,0.5760242837122459,7.372849420487269,66.69281363944923,2.138218653128392,44.85546408538158,18.03599669204742
298,Overhead Line,Coastal,Moderate,76.34556453462372,30.4074931170357,2.9336297438925865,0.10870857868413882,0.7291617972937877,32.526603301771196,99.20950175267191,33.751693717907656,29.947957497490368,10.997949051572357
299,Overhead Line,Plain,Extreme,58.026872540495795,20.54563369087835,4.45419009005818,-0.12968485909174524,0.6756096936743905,30.130028312710575,77.93912400013546,25.895704275005937,34.315568955992426,26.03993950550602
300,Overhead Line,Plain,Extreme,93.65014048354175,16.911660365346613,3.3549260885252794,0.25430826876779444,0.5468882631285082,27.002290650301912,127.45116977954265,22.085715147165388,36.0928762321944,30.594599643337446
301,Underground Cable,Coastal,Moderate,42.6095676635554,17.25391516565006,2.5013196316784074,0.006566964407083365,0.743065242607462,0.49130442523021556,60.02312392644719,20.345067241171428,40.86771403171467,17.91565592993864
302,Substation,Coastal,Extreme,54.09098792181491,22.918056834943748,2.143134222103481,-0.03837617053546376,0.9603698251713177,39.14453418067583,90.58928903825854,28.43751676268801,67.47575246582595,24.083455100471692
303,Substation,Desert,Normal,29.368475062596843,27.840476640693467,1.812892364344349,-0.049067729488321825,0.5200295595253472,11.72603364043454,35.78115085472597,31.37983061709395,21.835235838636365,12.71297909902567
304,Substation,Hilly,Extreme,39.4140352490756,13.076303822462558,4.047192765510789,-0.24353328570347,0.6457304567468969,32.81375677464453,60.73137772089623,16.059247073869233,54.0856634879084,22.811822758986043
305,Substation,Desert,Extreme,62.37373095695811,25.518782689699716,2.5461620272921115,-0.016465425572421352,0.6037704681028517,24.397029983555637,92.89675245171576,33.546483965540894,48.93569941458287,31.45801025642748
306,Overhead Line,Plain,Normal,72.58648875079001,28.614064529544578,3.0451018488030046,0.07462278859584867,0.6190733268328481,12.589853820070028,98.00482245822991,33.24003679255012,35.01799597265028,16.166777908217608
307,Substation,Plain,Normal,109.30020703441444,38.894446269357054,2.9693019200047277,-0.05780749912878236,0.9542172759396876,4.336080821256973,144.28693213097864,40.815308226784495,32.009751898775654,4.93865356540836
308,Underground Cable,Plain,Moderate,48.067421867535586,15.38647864619896,3.309116116932525,0.06306787158713376,0.7340345271171451,2.97535317926702,60.02915133134862,15.763422310664946,24.88531524902089,2.449837114349138
309,Underground Cable,Plain,Moderate,31.335731847088045,21.203102505777572,4.462308582498209,-0.1296586606371271,0.7331497064699094,53.42785010886091,43.601755534112904,26.713341955522612,39.143887709023495,25.987892329641717
310,Substation,Coastal,Normal,65.06651520754482,26.093303781571834,4.922957374333718,-0.02113918714164297,0.8802878212276412,75.17687687748558,77.8538906961584,35.03554568298409,19.65277446905718,34.27025560376774
311,Substation,Plain,Normal,27.44345558997388,33.17927464153285,2.6303368342952678,0.04748104899129479,0.5772461020024628,31.476501813456892,33.464271174783114,42.69809867402838,21.938984925093994,28.689066097244165
312,Underground Cable,Coastal,Moderate,61.285547760534726,21.566208950625487,4.310075688425212,0.028449131559513122,0.7436326770500254,3.275504913792723,91.35846974861087,22.88336037860118,49.07016921115262,6.107477818615357
313,Underground Cable,Coastal,Extreme,39.95488567611753,33.58913097592841,4.058111178618871,-0.24081976345785694,0.7149926070605299,15.426301177749,60.19577624791139,38.832870987589054,50.65936300223872,15.611419108813973
314,Overhead Line,Plain,Normal,54.23189940760786,8.501101468188322,3.294115805822293,-0.06585089263068428,0.7984553452733281,39.16236388231471,61.13866070119369,9.558491489293045,12.735606477056056,12.438270794220559
315,Underground Cable,Plain,Moderate,71.82092204329335,13.973214455024912,4.824188574447732,0.2516194395468909,0.9997788516252193,45.39941700871707,106.4732360656919,15.820669587349856,48.248216587236634,13.221403981677101
316,Overhead Line,Hilly,Extreme,47.78533141838608,26.789154754673767,1.8018980621136111,-0.07386691114957766,0.8847244470410236,3.7743337433637176,77.16356781440072,25.829730432795817,61.47961209851724,-3.581390792893772
317,Overhead Line,Desert,Normal,68.65758168657243,12.713404015296998,1.4370568412384856,0.002371131616775915,0.6989328515087136,0.0009215795164742848,92.29464804005889,13.81382429463257,34.427467109738345,8.655591201314184
318,Overhead Line,Plain,Extreme,67.46317097238298,14.604235785866265,4.415847867821689,-0.013013362582341653,0.9137765261370234,37.35812297557855,81.41961904602394,17.6174732893994,20.687506787005653,20.632627052278178
319,Overhead Line,Hilly,Moderate,12.713369433818109,19.777785086032488,2.756599266534993,0.23523596383794768,0.5853541816562401,13.229481622436452,18.660605991903044,24.23683881704087,46.77938912295768,22.545768960536762
320,Overhead Line,Hilly,Normal,31.967985079288553,30.171511935326592,4.387875416828242,0.19355521832920056,0.51523184315448,8.810253110000309,44.80071912207989,38.51668421274325,40.142455056091165,27.65911199712082
321,Substation,Desert,Extreme,18.76386277209057,8.832281269541687,4.572360820781659,0.12112964997282141,0.6022241862321365,0.3894409285450616,26.932463917043723,10.583617590775864,43.53368623598739,19.82881056192921
322,Underground Cable,Coastal,Normal,90.03474205060272,25.362386897299153,1.2498303744762858,-0.14598634700588003,0.6702057780571298,23.315396570407483,133.82015871811623,29.53888546780103,48.631690023507325,16.467293032843976
323,Overhead Line,Plain,Extreme,47.892161491253475,32.263711577222445,4.533859051944242,0.053877457378812,0.75529037872978,57.14463396753837,53.96948606342886,38.80594329111297,12.68960176977037,20.277368579346003
324,Underground Cable,Desert,Moderate,85.61658425933285,22.440438332568334,2.7932762214776887,0.08519126146126976,0.8075645702705999,94.84060709321172,120.20295120581727,29.139962373636152,40.39680775131396,29.85469330759302
325,Underground Cable,Plain,Moderate,17.34095438916033,21.04935816325968,3.041729956016929,-0.10479072533940816,0.9553028586072109,25.023697382849836,27.67385593420181,21.408718385694534,59.58669467177932,1.7072265085122433
326,Overhead Line,Hilly,Normal,38.544631509029486,27.21417026046859,3.506370044372841,-0.13057756587715333,0.7549270047752288,21.674890197668272,54.76099259452929,31.58577794139985,42.07164642811789,16.063718419817036
327,Substation,Hilly,Extreme,66.00996483531945,22.463111578228478,4.7055304269203475,0.25575212208105447,0.7506378223128647,2.666785172727904,101.12401522780101,22.19450035501523,53.19507513764551,-1.195788135930331
328,Overhead Line,Coastal,Normal,53.585492088533684,35.123998249925975,1.0764643777190561,-0.045120496832539325,0.525121504911491,23.88017828260091,69.84106806304962,43.781486707958074,30.335778101390865,24.648356933710826
329,Substation,Hilly,Normal,60.65719785626918,15.10869590292452,2.9073738732712684,0.24224652283667225,0.5174557763281119,14.340061737243005,86.03383819870163,18.675775285765404,41.836156695803695,23.609445883085257
330,Underground Cable,Hilly,Extreme,24.92383532413486,23.58684675867932,3.7508881697222427,0.14956406332418007,0.775579980958186,28.02869857617494,44.77719883668402,28.24764934920251,79.65613339341986,19.76017667053414
331,Substation,Desert,Extreme,77.53606985757858,25.645490999685475,3.890827830792914,0.06118151735629821,0.7190893066241723,14.766316327835366,126.11185300227754,30.51341518085275,62.64927179559777,18.981598680356626
332,Substation,Plain,Extreme,65.54032191514578,20.972367585228323,3.770129726148432,0.0678797154539227,0.9195901974901493,8.244915199901843,84.21237156628031,22.44520289455279,28.489407902678586,7.0227422027537
333,Substation,Plain,Moderate,58.03251010982947,1.02973869634031,1.5377405176324874,-0.21006293404961515,0.5803397923559226,2.993458983147633,89.48531774010246,1.2950925691494766,54.19859932087542,25.769049347395995
334,Underground Cable,Desert,Normal,36.28779437836384,22.71276073560646,2.197582353486725,0.031016216975162464,0.5124858310585247,11.346521664376755,54.73760791998268,27.58785371394404,50.843028234913376,21.464114534940567
335,Underground Cable,Coastal,Normal,56.476002552118906,31.201415895299732,2.434862101668054,0.21255306194724397,0.724519383965063,3.0491845615023916,87.15888007467461,34.18590574619823,54.32905328991725,9.565238516461331
336,Substation,Plain,Moderate,44.17020042013019,30.22487348900814,4.21774883071802,0.10220092547784135,0.6187392783761287,5.840216235236709,61.42460234493457,34.42411919385052,39.06344494860121,13.893344190074178
337,Substation,Hilly,Extreme,16.990175799244767,26.838227857361595,2.115039489658212,0.023150503059661546,0.5248071866694187,131.0701343566767,26.41643925132969,37.39154646996096,55.48067049726426,39.32196517850428
338,Overhead Line,Plain,Moderate,48.99154296557025,15.217101133206212,1.8428198554688127,0.2567905793725545,0.8622991434238145,17.615197665241467,69.36667206433266,16.675198686527658,41.58907408383,9.58196663449675
339,Substation,Hilly,Moderate,46.86539203554948,27.16247569966787,4.829792076152385,-0.027756108399120596,0.5557964999786238,22.77039052206302,63.13779867071135,32.11004141424906,34.72158436830854,18.214708295686346
340,Overhead Line,Coastal,Moderate,71.2480301975024,19.412497427662096,1.0354531404538756,-0.09293335125325265,0.8041597500038858,62.053511883760436,89.9245671832147,24.744373714868292,26.213408193798752,27.466204732671173
341,Substation,Desert,Normal,5.311471153715949,26.827863247589335,4.991283422727912,0.02307478741173855,0.6405248750834446,162.57322588463043,6.5905495604354645,40.78762228568044,24.081433744108,52.03455418442796
342,Overhead Line,Plain,Moderate,54.70399657709402,24.972040091213724,3.7072851954295825,0.1149701052167394,0.586748025177511,26.219535533404276,63.776741410251034,28.879933541942624,16.58515903928674,15.649075672050799
343,Underground Cable,Desert,Normal,26.888639037885653,16.188997829733026,4.313877197796469,-0.2576691143712391,0.6898757614596587,50.21510466660116,36.86500664282793,19.228808032662155,37.1025383281234,18.777012850950875
344,Substation,Plain,Normal,56.38446684391093,16.86035328514477,2.1784775853847727,0.04273029652356261,0.9007228881114768,11.877669665288957,68.26622801726286,17.552468724946355,21.07275609476667,4.104987766842277
345,Substation,Hilly,Normal,57.48560111154612,26.84017963537213,1.05726111066824,0.12155175233044652,0.6960467884522863,10.947433473604944,83.66304541898712,33.363198749578,45.53739336681165,24.303187246963542
346,Substation,Desert,Extreme,48.26310445739617,22.231095237691985,3.95147807424612,-0.04044624379452914,0.8753848246055278,15.460260268634764,73.63200067998321,24.485017739074404,52.563747209799175,10.138603057041376
347,Substation,Plain,Normal,66.14586249622168,17.277748554742967,4.336578388002703,0.16604471494539624,0.5627431483995753,33.48868200766408,73.40963575639552,22.51488955530081,10.981447646235996,30.311478280659326
348,Overhead Line,Hilly,Normal,25.08467881800602,16.617358482185335,3.9619045278140765,0.09617799936166052,0.8863857098325396,34.38920623069308,30.62861933601304,18.321205685673593,22.100902938520093,10.253417866111938
349,Substation,Desert,Extreme,72.15440900563401,21.569353216110272,1.5714011492033544,0.3212074677766616,0.6184666624533244,11.360581243720906,123.06457593291854,24.39825772905567,70.55725024829644,13.115388693400742
350,Underground Cable,Desert,Normal,35.838422676117176,36.544838357745675,4.013711689027876,-0.11259043463718227,0.8386965649444365,4.288753756528333,47.41531751820667,37.3343988922795,32.30302557317727,2.160525453156039
351,Underground Cable,Plain,Moderate,18.88202699020209,19.79137574230433,4.075691128430564,0.1246064775744134,0.7828907774204982,30.022491145053785,25.351349437065775,23.105459565648548,34.26180065424452,16.74509072282591
352,Substation,Plain,Moderate,44.55208059000382,23.887843693939292,3.6341620626802196,-0.15259858616961072,0.9645723586058437,4.12018860255598,50.26114086052153,22.75865948028675,12.814351641747246,-4.727024456958559
353,Underground Cable,Plain,Normal,8.096849546400293,24.813154301516082,4.064463731182345,-0.2423049676915089,0.693661258987657,25.917531828833773,12.225679624825771,28.80906545281106,50.99304432871769,16.10400315388691
354,Substation,Hilly,Extreme,55.08347784492404,14.951788868064456,4.383685758710929,-0.3053296264226809,0.5330825944172202,35.46850462631947,85.56360155509347,18.97377668256137,55.33442132317755,26.89970979383932
355,Substation,Plain,Moderate,44.81499114839549,9.897340129258438,3.4544164569498337,0.08074860335953898,0.5095777427756265,36.180396175346885,56.73854362481359,11.84072745728402,26.606169433205373,19.63545056191971
356,Underground Cable,Desert,Extreme,74.67373842752072,15.786874122114153,1.3544188558787162,0.027637187091615383,0.9134292804863766,42.008404516770376,133.49414382147663,16.424758899365496,78.76986827309811,4.040602163019714
357,Substation,Desert,Extreme,62.97848421013991,25.976619022450425,2.9505112386688435,-0.07185765860426306,0.7623678188307161,61.873856636953455,89.18864172383249,32.98150752503819,41.617637900330074,26.96612864258337
358,Underground Cable,Plain,Moderate,22.160073256239798,24.698648463323273,1.3105973386864203,-0.26602565009244195,0.8876220259174746,20.791955035579683,35.152175345815664,28.30900686563387,58.62842572470996,14.617635485892539
359,Overhead Line,Plain,Extreme,33.2322501776423,29.619252553208522,2.6301721241297233,-0.10355799392080142,0.6172128000057573,39.30770010972332,42.02675280229209,37.97755626609875,26.46375908233405,28.219158123167464
360,Substation,Coastal,Moderate,60.41328841068418,24.773999159672933,2.6284259565025105,0.0006139511513184397,0.6725418727566168,28.962281409718884,75.09585042495398,27.80107607477526,24.303530565095286,12.21876571316672
361,Overhead Line,Desert,Extreme,66.9415801997007,23.123605668246373,1.2640393765609663,0.11897540501896468,0.5150519361056595,6.197441669952547,97.34828308993204,28.309188228804555,45.42274442808461,22.425492957091414
362,Underground Cable,Hilly,Moderate,74.45001829773761,19.167901800598983,2.3952821358779173,-0.0024803625371438475,0.9807461622870561,0.7807615899000693,114.07433082117123,20.79480634035046,53.22270353913092,8.48765063946976
363,Overhead Line,Coastal,Normal,74.29018570610697,31.076854318901542,1.4439923951652593,0.037809051405791674,0.8339339533504067,10.04494569826442,95.70250067057019,34.12278258471711,28.822535252732635,9.801276006120647
364,Overhead Line,Plain,Moderate,48.209547795041885,16.646558890234267,4.232940840036889,-0.05641985714612037,0.966602543879653,17.557516648710997,57.63095178346918,17.294262827862966,19.542610166105394,3.8909178881929454
365,Underground Cable,Plain,Moderate,57.253112445023376,15.116803861631833,4.7907521038578835,0.26238363037907314,0.6327482037145362,28.799908361229352,77.43669617786378,18.878018188073757,35.25325151924527,24.881015596083195
366,Overhead Line,Desert,Moderate,75.97477007887593,28.536444139104823,1.2892659010317544,-0.15273744664923417,0.8057318056128304,56.90546674969023,113.49633069635668,34.58171765638103,49.38686958647771,21.184396653653447
367,Overhead Line,Plain,Moderate,43.93383076128103,13.33474151477076,4.820460829166805,-0.10488573259276915,0.8392499841463189,6.553850229226327,53.15641849330972,13.947389244453518,20.99199539903672,4.594372744339543
368,Underground Cable,Hilly,Extreme,57.59452373880247,43.31832798926905,3.0903063973469806,-0.07385371109902696,0.6587748501287942,4.024797642597434,94.20329154881439,50.35011201175409,63.562931739893756,16.23281495127646
369,Overhead Line,Desert,Normal,43.46238440640697,24.639947044473146,2.1982627118154956,0.08140565969650859,0.924054617507815,99.29681354954933,54.34176838513047,32.13439133175505,25.031723701564168,30.415829521691034
370,Underground Cable,Plain,Moderate,38.98103771069145,26.783248930599083,1.307448301104654,-0.15582896846803207,0.9735807314501239,3.43017306323246,61.24115821860013,29.695768998981666,57.104997237678255,10.874409135088591
371,Overhead Line,Desert,Extreme,50.96770236571607,17.532641403812903,3.0024970722816713,0.020357788582199794,0.9424275588480022,19.53086643635303,70.83299097884921,18.45716149452971,38.97622943759717,5.273136371315665
372,Underground Cable,Plain,Normal,36.249130973208175,21.47788124606763,4.178062177962994,0.0247365215139836,0.8695334879696863,26.42508194471824,48.04823524069613,23.61334136019351,32.550033478619675,9.942601365844038
373,Underground Cable,Plain,Normal,47.38168054460501,20.58594306494117,3.8283459090667926,-0.104153695610007,0.638732339862477,23.385634009089777,71.90862723754853,23.981712074941434,51.76461959776607,16.49557175635747
374,Overhead Line,Plain,Normal,29.300902709357345,19.665320098650866,1.200904045855895,0.04949691914352853,0.6408080210528159,2.698796726889159,37.25805984556221,21.02304859041769,27.156696212174097,6.904176921381366
375,Overhead Line,Hilly,Normal,46.20011225635241,29.063694012078614,1.291607341471614,-0.15117208481061467,0.981680160223019,1.761526127608871,64.5453738386104,31.42592458706791,39.70826192037132,8.127771280579733
376,Overhead Line,Hilly,Moderate,58.96780587231723,20.40339169419775,2.6114931305305484,-0.1675611213692619,0.505142247967846,3.344155471539345,80.43898307983396,26.532921556626338,36.41169429638978,30.041720289924555
377,Substation,Desert,Moderate,38.224729275864085,32.14000983267345,2.181161976191773,0.014940863478216096,0.8580249866210723,26.426816042816498,50.196415177688685,35.31774243838943,31.319216979736147,9.887155051475768
378,Substation,Plain,Extreme,50.18583505061825,45.30545880095859,1.9295372922241913,-0.2489633378217094,0.8531230812776311,23.580572644887148,69.34318220450615,50.9430551022342,38.172817358853315,12.443525461343137
379,Substation,Plain,Extreme,52.78685187242529,21.63567007882761,2.1240179956348544,-0.32172040538253566,0.8113447704748987,7.987043246583887,86.98923020364201,23.919461875592685,64.7933663744083,10.555678601329596
380,Underground Cable,Hilly,Extreme,59.05069783642669,25.218524108612993,4.213930973187539,0.07992499511952005,0.9950544230434328,30.464620324751642,83.02162396906863,26.906821680522402,40.593806696480655,6.6946723949352664
381,Overhead Line,Plain,Normal,47.32840317389569,27.03585645732406,4.716912214527415,0.15734549138867554,0.6559397178818627,51.45520529539705,56.398305562246065,36.71873580603713,19.163761673989768,35.81495324180849
382,Underground Cable,Hilly,Normal,71.71732683735613,38.49203850074814,2.6204107781102657,-0.07002046780387938,0.6699859318966241,1.2740429533930262,105.22246456686808,41.59352744516996,46.71833043289031,8.057481664322722
383,Substation,Plain,Moderate,7.981622770961643,23.33881771969449,4.624444008529988,-0.10021059781466557,0.5394697014732778,20.682421334628494,9.319682581074566,27.67054983236164,16.764257701842148,18.56020371165508
384,Overhead Line,Desert,Normal,108.75505694335547,17.3678646427331,2.285982804991528,0.15083028389618397,0.7213990682718687,35.06882924702977,138.26217856217545,19.93496717040259,27.131723754407684,14.780760792856556
385,Underground Cable,Plain,Normal,32.57732471924967,13.869275954994366,2.9057479453751665,-0.17183073269983798,0.630524263117424,8.723082083446762,51.642045400114725,16.418312420168743,58.52144350453637,18.379016132103573
386,Overhead Line,Plain,Normal,58.067800467081554,23.536128420542127,1.9041159912639989,-0.20450589370817376,0.6716933510888221,11.03514949314608,75.9920940602744,27.449362379084164,30.867870745946487,16.626498159003077
387,Underground Cable,Coastal,Extreme,31.230641795883027,20.41295824756894,3.561904168703376,0.10614546355627313,0.9172858951278138,28.52940822233397,52.592880981844885,21.787712760350416,68.4015375847253,6.734714763575242
388,Overhead Line,Hilly,Extreme,62.885363190186034,40.08007431440001,4.915924460699236,0.0013557279768460948,0.9677422567637479,68.4644486648386,93.38063445521381,46.20754896765128,48.4934326813062,15.288082065880262
389,Substation,Plain,Moderate,55.53138305189855,38.15889936541573,3.4139723841735146,0.15973151089353568,0.5928665360025929,49.81000494116392,73.60727491846608,52.170800538979705,32.55076836403327,36.71987768668003
390,Substation,Plain,Normal,36.985729253098214,15.725017376611216,2.4312563364541955,-0.32103988181669685,0.6862544657767329,26.24944145909491,46.94949042785145,19.371386336415487,26.93947470001175,23.188330241388087
391,Overhead Line,Coastal,Normal,71.46174690820627,18.31391917160657,3.5912697839621135,-0.21010109866778445,0.964315281057697,39.30464502638675,91.71563424677146,21.34476042332149,28.34227851242096,16.549386416501477
392,Underground Cable,Coastal,Moderate,46.72078240796157,24.59016086309509,1.4916827138615503,0.002149808976623475,0.5309042303446113,13.615522340615973,69.25262573542615,29.108459926865002,48.22659674386143,18.374418487643876
393,Substation,Hilly,Normal,60.94431876114008,35.177811380470104,4.5546363210615946,0.06265105477256798,0.5461802640556892,30.73010619283934,76.37805886454642,45.822598562312606,25.32432951444746,30.259947290956934
394,Substation,Coastal,Normal,31.656803896079282,24.45610509096841,3.0123358031193455,0.12704956315341875,0.5813954946031147,18.830986684385387,42.21262625010397,28.132402824327755,33.34456121558133,15.032229047449563
395,Substation,Desert,Extreme,49.3822472885684,18.82207489609563,2.7973989681585683,0.02622266532131665,0.7976064170634374,6.319265716323405,72.08947964362544,20.01644638568224,45.98258200435034,6.345588869345999
396,Overhead Line,Coastal,Moderate,90.0681453436421,23.5289455207782,3.3434591538140768,0.024698273303785347,0.5752361355029987,36.293517070661395,118.56454420664869,28.784249548137286,31.638709506321756,22.33548470210096
397,Overhead Line,Desert,Moderate,69.2593105822826,18.972121088831628,3.49913545115761,-0.058410231454529775,0.9840381907253668,24.389332350249585,94.19119219317413,18.91960410317666,35.997877254743315,-0.2768113560369558
398,Underground Cable,Hilly,Moderate,56.152415109021035,28.819817675515857,1.2871032249060521,0.23863573573567765,0.7233572636292602,13.324069214587539,97.79213684086106,32.31903899570134,74.15481889958905,12.141719144733798
399,Underground Cable,Hilly,Moderate,41.02158344780408,18.32773030668236,3.7304688848936096,-0.16545351832057467,0.7507589801750831,72.68811943705707,67.13388087174798,24.91365876975496,63.655020672639836,35.934228367990265
400,Underground Cable,Hilly,Extreme,51.34997071750018,19.916511580584263,1.9677267212621183,0.05385302288339083,0.6233293079027032,0.6346903001907808,85.93952614328269,23.173286731459534,67.36041898850455,16.352136455714255
401,Overhead Line,Hilly,Extreme,53.95131980344764,33.29547050764877,3.855810530026359,-0.14817132518820297,0.7354801262173667,11.383972983699875,87.01123829482107,39.522806860803634,61.2773118652434,18.70325380061619
402,Overhead Line,Hilly,Normal,58.98456869839491,17.853080421487423,4.290139177536787,0.08021678187075144,0.8309568163185057,1.7568969923286355,71.90515635806851,18.604966773439312,21.905030323677174,4.211521676936723
403,Underground Cable,Desert,Normal,28.466789836446686,12.430975739518702,4.215834030210081,-0.15555263540816494,0.8755885684770214,43.64070584029307,45.16834836776111,14.478516214442639,58.670326465582136,16.47127721772235
404,Underground Cable,Desert,Normal,63.3681592188473,24.759950010850435,3.2100038696315565,0.11157235477506872,0.8769340413549565,36.330673253320384,85.39995485695427,26.477475317813283,34.76792747287844,6.93670749016127
405,Overhead Line,Hilly,Normal,28.208138034106945,21.116212766363233,3.0806795692430047,0.01681574202367756,0.7889455563470442,12.0749352870471,35.72090076650487,24.20674414548133,26.633316680860375,14.635822310149832
406,Underground Cable,Coastal,Extreme,82.62251704563744,28.09132400743963,1.5715038453576469,0.26169587598880223,0.9521798874969286,33.77915636310788,144.52123533465195,34.10464991534996,74.91749283651585,21.406345625851507
407,Substation,Plain,Moderate,34.56743355166243,26.53977547784872,4.101384601612542,-0.042152947090737844,0.9087039236530547,15.12231468925587,42.99865261945036,30.028335008236624,24.390642293958937,13.144645979765768
408,Overhead Line,Hilly,Extreme,55.93256639352351,23.744652042853104,2.0856375217868575,0.06374491743713179,0.8785240573493127,42.34883171336192,90.26242424153938,29.57207702339727,61.37722629511053,24.54205254314586
409,Underground Cable,Coastal,Normal,70.10285146556036,23.511652596240033,2.986781691271786,-0.11694844206910644,0.5278027608402303,18.164182153916173,95.63400264998437,29.05850221967021,36.419561616501106,23.59191724497165
410,Overhead Line,Plain,Extreme,44.95239913071101,18.11313240541732,2.137096371710067,-0.04318395096619417,0.5034389811098247,15.945125156479852,56.367559791775186,23.169131876149248,25.393885269330283,27.913446208894076
411,Substation,Hilly,Moderate,56.812000381997166,24.66677656794594,1.5353134519987726,0.015862421916652922,0.6062236385977364,81.87664414602811,76.18345696315579,32.944977256224696,34.097473158676415,33.56012353489323
412,Overhead Line,Hilly,Moderate,78.70363098380103,31.05027825146215,3.5182307875669463,-0.2290829883707061,0.8317617969567261,8.665646793742642,123.61573007406793,32.03392120857972,57.06483745268475,3.1679038401894233
413,Overhead Line,Desert,Extreme,61.28805975786533,16.21242606880419,1.2173281392916153,-0.2126435901277158,0.7055987444412729,3.8502552499234315,99.60632811867534,19.202548221866646,62.52158823789895,18.443397307550544
414,Overhead Line,Plain,Extreme,57.111012593487054,23.956820989107726,3.9945809365048,0.08997889497534677,0.7012031296496559,26.351292972828603,67.78067927985637,26.10420757624948,18.682327981672117,8.963570701296678
415,Overhead Line,Plain,Extreme,16.30429210359076,32.3071100458769,2.2703471810444666,-0.02191302322975194,0.9422934441148069,104.52610124304589,21.246606709737932,42.53481592114223,30.31296651670455,31.65775540041106
416,Substation,Coastal,Normal,31.325554945195545,28.043392745733595,1.0005387720179413,-0.08893897995720328,0.9477814240659194,14.236701624514025,48.32338656264732,31.414887788940252,54.261869094385396,12.022422086284772
417,Overhead Line,Desert,Extreme,70.93840255300023,34.475783170805705,3.044516556948919,-0.11054792706251335,0.9545876320267929,1.9213357313429509,101.10398018626975,36.44814855644002,42.5236212652687,5.72101691167533
418,Overhead Line,Desert,Extreme,61.39900610682765,19.454861361325325,1.1874076341104125,-0.10477331935855405,0.6569390382575137,12.433901168839823,92.66936422110612,24.743676873103567,50.929746419463896,27.18505885779261
419,Underground Cable,Desert,Extreme,64.42932547570149,9.353852412841071,2.104678231283598,0.01688260725123429,0.8455279063696308,21.152442593522114,101.48119516026233,9.44153165901641,57.50777213791315,0.9373597348507685
420,Overhead Line,Desert,Moderate,62.70793864429794,25.605214431645496,3.8279059498228647,0.06675537961742846,0.6358165906371849,5.299359155800327,74.59003707438113,29.010243403668632,18.948316093569492,13.298185731320643
421,Underground Cable,Plain,Moderate,75.79513056750748,26.900566520211882,1.2507584864874635,-0.3138160844437836,0.5953049165372248,32.19730409400409,133.60426605896808,34.25131598988201,76.27024989418346,27.32563072285895
422,Substation,Plain,Normal,44.772001500897545,34.9473756357814,4.357353969424009,0.2119251085154838,0.5923162286736846,182.8966064582148,62.92637718587999,55.86588237209435,40.54850146607475,59.85716053280756
423,Substation,Hilly,Normal,52.40999917578602,33.50516587765587,1.0152796906343324,0.20125511444129887,0.671053810431797,18.030140886362776,76.06494478340036,37.88247797561991,45.13441324101982,13.064588648651378
424,Substation,Hilly,Moderate,29.42651333741832,28.293948984099693,1.987295476807609,-0.34959821453203493,0.7149788098899108,13.142526253106976,51.96512051055122,32.51474099988053,76.5928566347449,14.91764906394929
425,Substation,Desert,Moderate,24.439548331272476,30.12312171336347,3.9636162246082858,0.1628890044484196,0.9154745855275341,15.35999773133764,32.61518211137996,31.479723912852418,33.45247493647853,4.503524609426917
426,Underground Cable,Desert,Moderate,17.125185688238844,22.465428334346885,2.265080598917227,0.15828282769965638,0.5599455467363561,3.6699846283420454,28.58625360192278,26.246987189615634,66.92521834408555,16.832792141724752
427,Overhead Line,Desert,Extreme,32.29673002000305,14.247083109446267,1.4075695522640541,6.682412813176748e-05,0.8674629236974472,64.43767669237755,52.34254539318206,16.899431551585447,62.067631493230415,18.61678226879009
428,Substation,Hilly,Extreme,81.05123630979284,24.94176973904728,2.4409356752017115,-0.19457529328273146,0.7657274570946526,16.075363542030278,130.55191749358272,29.16027931844493,61.073320331091686,16.91343326289077
429,Overhead Line,Coastal,Moderate,18.945458643679245,31.86058770902222,2.081573145538102,0.15228421374976084,0.6439726713379963,14.695142894824265,25.941434091377307,38.551222878038956,36.926925757123975,20.99972301239784
430,Underground Cable,Coastal,Extreme,43.92928028845604,29.25088695862839,4.37084760864222,-0.03618465994460271,0.7464097922664124,32.336973422303274,70.71111946774458,35.13023889329567,60.96580459190088,20.099739002727905
431,Underground Cable,Hilly,Extreme,24.137093527076843,30.67045871327492,2.2533916703405725,0.08233182657284345,0.6499710348885113,17.503686376090506,39.041774029034066,35.23802757055337,61.750104606576784,14.892404772875137
432,Underground Cable,Hilly,Normal,37.98052073993278,20.577954503625985,4.1557298871040285,0.33288019079426673,0.798040977619153,31.343627612980292,65.45410030284508,25.254510295006224,72.3359738825975,22.726047871066072
433,Substation,Hilly,Moderate,53.39387584704039,21.87562529585261,4.567488579242939,0.03777551259354282,0.7169219614276221,1.9024558533221732,72.337716867995,25.14487553834695,35.479426657888254,14.944716771657978
434,Overhead Line,Hilly,Moderate,35.997682535899834,27.867403904916827,2.735269678306118,-0.13753270375778429,0.5822027645394394,50.415669330264336,49.46901669370238,36.59684203589818,37.422781714816864,31.32490619063787
435,Overhead Line,Hilly,Extreme,71.79329730032923,19.627940843929963,4.6397725754175685,-0.05035964923795825,0.5582915372778483,84.65536210756184,95.68427128331564,28.803332939652194,33.277443551651515,46.74658523112355
436,Overhead Line,Hilly,Moderate,80.67956241699133,19.874263440535984,2.5092722158527714,-0.11841680403614814,0.773347841036065,31.38902589918276,104.51218736624631,24.381454019859493,29.539854004259897,22.67852890653822
437,Underground Cable,Desert,Normal,5.018085438881215,26.383857891019613,4.856313665960433,0.06502345761727837,0.9512065166430517,92.74478969185267,6.704557716240713,36.08410498481097,33.60788288482187,36.76584043872171
438,Substation,Desert,Normal,36.34015339297754,30.08723794525526,1.3571580981022917,-0.1209101338124707,0.6719788432788427,4.926162796925454,51.46468487415331,30.432264965455072,41.619338580168105,1.146755381227083
439,Underground Cable,Desert,Normal,51.18284244544845,22.40377061336473,3.748077066012971,-0.07092771335244648,0.8665000536113117,19.469097152937838,68.68382504213136,24.922163341971498,34.19306502044265,11.240932484393703
440,Underground Cable,Desert,Moderate,72.52234052030761,14.69448431157089,2.9752561618277147,-0.19266455616113995,0.8293306774698834,27.624533953739537,115.52975445934545,16.887206099363105,59.30229723762841,14.922073761143148
441,Overhead Line,Hilly,Moderate,40.91511449693475,18.113568679657362,2.5505952218225882,-0.019813050827871524,0.9657774571547405,26.149320442504898,58.49504925626152,19.555813771723358,42.96684727753557,7.962236031852322
442,Underground Cable,Coastal,Moderate,49.60129209508379,25.629376679144787,3.5308475149944036,0.02651321899530744,0.9104905086495705,15.397946845558732,71.69207175096139,26.503176342193896,44.536702014799154,3.4093675940240082
443,Overhead Line,Plain,Moderate,26.86511549896103,25.53216771092772,3.8154283665373248,-0.40271820706762385,0.7833026294527314,12.378517133110407,38.33276589690707,30.620130470227718,42.68602678588721,19.927656816707966
444,Substation,Hilly,Moderate,19.34408295475309,25.929905101242785,1.0174530786012363,0.038936034222033136,0.8285152491170537,4.068544968661345,27.81449640139076,25.410308932088522,43.788136488302115,-2.0038490967302405
445,Overhead Line,Plain,Normal,78.90769379165867,28.17036232476605,1.6678123549887949,-0.0068550346645169,0.9491932332920174,14.914706569820435,104.1877600782952,30.357708979844876,32.03751760048129,7.76470898691926
446,Substation,Coastal,Extreme,13.518602522141265,24.0464844683396,3.852184202537275,-0.11474879231341911,0.6997593922934674,5.325781552714175,19.695882746637157,26.187284357675146,45.694665660733165,8.902756210181971
447,Overhead Line,Desert,Normal,96.57238016843132,26.120448358722495,3.665541654312826,0.30429433864048094,0.6633973529288887,39.76903918964599,147.1179586903278,32.54024410680187,52.339580358007375,24.57766290958628
448,Underground Cable,Coastal,Moderate,64.50302798763482,23.639785417369065,4.864190020514709,0.1437714791407132,0.5054055418175982,7.027307967010849,109.66146692569836,28.800601635615212,70.00979697684949,21.831062030090575
449,Underground Cable,Hilly,Normal,63.59946151033512,33.18986786343551,4.044151161003132,-0.1644603729227102,0.9132755370957322,1.8105088893580263,94.31789134066236,35.440426276906635,48.29982691808702,6.780859817614739
450,Substation,Desert,Moderate,61.509373349888605,35.458736249740014,4.803090830925353,0.12573553193567105,0.9004903502016824,24.11338957888153,78.72011653625299,41.62005079690768,27.980683673142238,17.376012793498354
451,Substation,Hilly,Moderate,44.94628623998072,14.487909740959724,3.810162006139228,0.18667471140315867,0.5522272590500756,27.133068423008165,64.19251268103983,17.34968863105388,42.82050431997463,19.75287630349761
452,Substation,Desert,Normal,57.841690594017386,21.957984463181973,2.1922088345577726,0.01980313839263358,0.7884286905663501,61.65138110623012,81.54876413095691,27.058925948859745,40.98613524859795,23.230463133949158
453,Overhead Line,Plain,Moderate,46.2220662443105,24.26179593232566,1.421459689003426,0.0542163055420988,0.7319908490834437,25.810188942566516,66.49655124885345,29.26937016817932,43.86321653683873,20.63975086519347
454,Overhead Line,Plain,Extreme,61.06146552880959,21.86468230388543,4.127295453379743,0.05075200003823864,0.5593545477545557,12.715633223181792,73.50154103920755,26.133572922582417,20.373037893315175,19.52413741652395
455,Substation,Plain,Moderate,49.32626946182568,38.343380730646984,3.5765968859036636,-0.3128723788384933,0.9902841135303617,48.73835593138072,69.83271753381774,46.79037753112695,41.573077177187095,22.02986966594856
456,Underground Cable,Coastal,Extreme,30.993036337965304,25.791642224717876,1.192744049573185,-0.028030439527559885,0.6073479437316778,23.31405788714076,51.78270915320561,32.05070583239694,67.07852882995442,24.267797890281617
457,Overhead Line,Hilly,Extreme,32.588547674764875,17.55702538359725,2.4402018636039133,-0.035836926297604293,0.5336170900452806,2.477988463852316,50.76380902743675,19.90192668770864,55.771928022266515,13.355914529246677
458,Overhead Line,Coastal,Moderate,30.31455249414993,28.771538716485367,4.827199261937144,0.21452334548398172,0.7974236897509548,25.030994192238108,43.860533852746634,32.84023952648115,44.684747898590274,14.141408459550059
459,Overhead Line,Plain,Normal,69.41801463868619,26.167796310769543,3.001604582840805,0.050059179534280955,0.8694333385665163,71.58504908770362,79.89434100516672,33.34040179669729,15.091653688179882,27.410047834161006
460,Substation,Hilly,Extreme,37.65106775081804,26.43354335642737,2.7309165440788186,-0.04464164431750422,0.5162217230235935,15.140964207861355,51.53633831977252,31.404961482000207,36.878822828743814,18.807233137603646
461,Substation,Plain,Normal,11.757936778302792,38.46300927039352,2.830798420637176,-0.013518711148651687,0.8293588193635111,10.543194501973192,15.16314817171839,43.80520352261382,28.96096022304966,13.889173919453041
462,Substation,Coastal,Extreme,57.93677331697611,26.806281406038472,1.835530896020655,0.15350783724411016,0.7661459379757272,4.6459590488888525,85.84531400424444,30.346724047570362,48.17068519604772,13.20751128403195
463,Substation,Coastal,Moderate,80.29035125179163,21.57070780900803,2.474828683459181,-0.027687699486797324,0.5516325044375242,4.926629736749003,108.85692291803073,24.210485090863056,35.57908418740621,12.237787026870956
464,Substation,Coastal,Moderate,65.46166378355053,8.357788589519192,2.4792530239487065,-0.10472932996374136,0.5862619384731811,17.009790917859537,97.34837390148982,10.10112845087148,48.71050974715969,20.858865268959608
465,Underground Cable,Plain,Extreme,37.933528695565755,22.676807854851905,1.2094200807498896,-0.04135532893812996,0.7839871486580403,27.1664460132925,62.208944180305664,24.998199956709296,63.99461457846811,10.236855719358704
466,Underground Cable,Hilly,Moderate,18.263765688098218,34.44775933861751,4.070270514071673,0.14110442157340233,0.6481788067566442,2.521522542827101,28.434248297294772,40.9246941070157,55.6866682527813,18.802194664479252
467,Substation,Hilly,Extreme,47.31463793284979,23.270647043550504,2.666017727615516,0.07442473583969045,0.969157864325658,84.18738779903677,70.79799565700777,27.574095947773046,49.63233102932373,18.493035007444064
468,Overhead Line,Plain,Moderate,46.8155224380658,6.079600811843974,4.288719547265693,0.006640196002367074,0.9093701147420254,42.211277836111464,39.74145087023323,7.327545909999029,-15.11052573896009,20.526760502496646
469,Substation,Hilly,Normal,30.61600779372468,20.013100862460426,4.401392004479582,0.02873089491672452,0.9917836032568315,26.50192472675216,41.76415130008457,21.951628580779833,36.41279288100034,9.686293651553017
470,Underground Cable,Plain,Moderate,61.02074604485075,31.941508311302336,1.8479762187946323,-0.0839613710393223,0.6298354194752069,52.88443417340641,89.96207460219624,40.390115855978486,47.42867046573532,26.450246063322737
471,Underground Cable,Hilly,Normal,86.93253001660946,28.36653739649612,3.6294139286805143,-0.029092410066398042,0.9848618163989885,2.507538782416265,142.08332131253428,29.937947516533136,63.44091364347457,5.539661390717072
472,Overhead Line,Desert,Moderate,54.44565434916568,17.280952827914117,2.889127216651927,-0.09949564826617759,0.7156169348957789,19.43597367581959,75.95682020729191,20.461160085073633,39.509426629667956,18.402962434007065
473,Underground Cable,Desert,Normal,53.209524139976914,19.477721788807344,4.520626951685941,-0.04421689264496153,0.6737593976568773,29.835119977346555,71.40529572931365,24.44404802445313,34.19645614846995,25.497469824728846
474,Substation,Coastal,Moderate,31.255439023323547,20.714330727180666,1.8629627167058165,0.20192673954399373,0.5251747634846766,52.921919728062726,49.83686762158509,28.87324090940467,59.45022427743103,39.387756667987105
475,Overhead Line,Desert,Normal,77.94829406120743,18.69828982509656,3.711252801240177,-0.1616807717065785,0.5263826289298013,45.9007242356565,109.93754796368984,24.640443595350234,41.03906863870996,31.779129673550184
476,Substation,Desert,Extreme,48.497116663799666,7.762609058083342,3.4310084890108903,-0.10330764996343725,0.8460056279733273,9.73325527441143,70.71850614467338,8.150256366240233,45.820021909592654,4.993776000521724
477,Substation,Desert,Extreme,38.420734896116585,30.108728804958847,2.181205910287331,-0.1881448294403628,0.728964497217014,84.84566611193391,65.48340173316852,39.87353291235834,70.43766057631376,32.43180464593793
478,Overhead Line,Plain,Normal,51.27376787303232,34.056479653512746,1.5464036146046904,-0.22063631357813973,0.6132608130180528,3.983521864566791,65.5005551666737,39.76027361413316,27.746717052023072,16.74804330526893
479,Substation,Desert,Moderate,59.43922666493218,11.852408448282079,3.6065590419091063,-0.02801578712929372,0.8069851531626163,62.415331871474244,80.22183833469948,15.272949587853622,34.9644718409982,28.859460543374425
480,Underground Cable,Desert,Normal,52.784308172898065,33.950823460690515,3.9543898325293227,-0.092641377270118,0.6264290591250556,106.15203630485298,79.47955164552329,47.48388417867823,50.574203578047104,39.860773137525754
481,Substation,Coastal,Moderate,74.12306791341183,23.175814388822275,2.2625093750534,0.26425333961882885,0.7888158771722114,5.8495691004372805,116.92760969312285,25.80824147863543,57.74793594581635,11.358509546412224
482,Overhead Line,Desert,Extreme,57.67943105093725,33.801058785342995,3.579330416089255,-0.042426981926668994,0.6796043734913452,38.41115503660235,83.88891578254406,44.01768761783459,45.43991550204608,30.22576569974721
483,Overhead Line,Desert,Moderate,44.3211637823493,24.303603490323567,2.580523630446013,0.19340952951450366,0.9117761133059095,1.2335836245219927,61.35878933997371,25.8423576494675,38.441286517863425,6.331382750531553
484,Overhead Line,Hilly,Extreme,58.0238443265378,25.08435673726904,3.852827533130471,0.14520097124109502,0.9103480803833897,15.59714269620034,92.2189711125483,26.763279659686493,58.932887303316804,6.69310734176809
485,Substation,Coastal,Moderate,59.992742022519145,26.979477175857703,1.7968610995762124,-0.031343123283602115,0.7386751990612006,21.78767617674504,83.59303329856853,31.92186459288863,39.33857743523487,18.319062985599928
486,Overhead Line,Coastal,Moderate,24.07248161472316,17.679469398917774,4.5608600105446975,0.3165203373128434,0.6754095546675078,26.071140033474773,31.374012700156253,21.733411826084758,30.331443190166762,22.930226782796662
487,Overhead Line,Coastal,Moderate,72.98839456527429,33.55739315462417,2.149638385862319,0.04028009796972131,0.6812798982795473,82.43676539635644,93.95243750813653,42.28386719315839,28.722433296041157,26.004624370924123
488,Substation,Coastal,Normal,43.98191961277281,15.028954895401721,2.4711439510246116,0.22695138990059832,0.9028572628341089,33.46518760043957,70.98318255765746,18.309238445157916,61.39173365467021,21.82642487509118
489,Underground Cable,Coastal,Normal,44.4935355298914,20.783466043866635,1.2323678083213991,0.20948953373718956,0.664089741398806,19.691612722719533,68.91728449815434,24.093620460689667,54.892803364333034,15.926864219069392
490,Substation,Coastal,Extreme,65.02751974151892,28.19411742114535,1.4460488492851056,0.0621971977657174,0.604529686853423,49.77066997011134,108.46328096038478,35.79575370913658,66.7959679094648,26.961781333470874
491,Overhead Line,Plain,Extreme,64.94330448519163,19.92643807611629,3.0634476108493125,0.11266962717087758,0.5423441709376534,90.19337636718306,80.50474397115312,27.96733090080167,23.961576346195635,40.352885919552
492,Overhead Line,Desert,Normal,35.98336642267829,30.220249926519553,2.070370706911886,0.09361071226792135,0.7333465604422043,0.6693974377272804,50.091629924154816,33.60664647358909,39.207736529578526,11.20571985772304
493,Substation,Coastal,Extreme,66.05803236291372,35.00692938547165,4.341920902968777,-0.1716392147087562,0.7410660494599209,121.40312084789512,97.66230278242237,46.73654769071473,47.843190735502304,33.50656144697749
494,Underground Cable,Desert,Normal,38.79103697020952,32.10036800843069,1.0587735546198154,0.00859355316795244,0.9204543552014536,2.702078707779126,66.46769654949587,32.621369355802166,71.34807868256084,1.6230385496971262
495,Overhead Line,Desert,Moderate,86.39146093397311,8.511077490571028,2.5163761946877448,0.16113708509169902,0.610619348223032,50.522706863364114,115.70490808803375,11.43635048893405,33.930954329461095,34.37018405253362
496,Overhead Line,Plain,Extreme,33.43612037468473,25.00677575695486,2.3493821870763707,0.22892794760424923,0.6904956368341999,9.86907327559772,45.27011438723064,30.73202033575355,35.39284426522675,22.89477313846185
497,Overhead Line,Coastal,Extreme,54.78954923411793,32.229460885571136,1.0773105236704041,-0.10809595077479246,0.9042028694468455,4.253116941720205,83.19965152676616,32.63059473179386,51.8531411369178,1.2446185421683906
498,Substation,Hilly,Normal,34.359647261847854,13.466009225423544,1.4974735960020409,0.07932469527195297,0.9118118053744868,17.386822267464215,56.04982230135077,15.297203868574156,63.12688507599198,13.598643907753713
499,Overhead Line,Plain,Extreme,94.45391258270149,29.788884697831,2.654570699674541,0.022630531991630173,0.6923055379893841,30.981077631713916,117.13899217216661,34.067838203017516,24.01708830177112,14.364262202465323
500,Underground Cable,Hilly,Extreme,25.24358111825768,29.339686253114497,2.9714583377897865,-0.017681109687239342,0.7295620116433404,14.387166435928542,35.377010274423746,32.43085397812305,40.142597473371,10.535789982009138
